frame,video_time_s,sim_time_s,root_x,root_y,root_z,root_roll,root_pitch,root_yaw,joint_target_abs_mean,joint_error_abs_mean,joint_error_abs_max,joint_velocity_abs_mean,ctrl_abs_mean,root_target_z,root_position_error_m,root_orientation_error_rad,contact_count,fall_proxy
0,0.0,0.2200000000000001,0.01623998676592372,-0.05455537855328125,0.07985687884532956,2.316351259471414,-0.8206497435712187,3.0387542335946702,0.17214339687716718,0.19230404087997024,0.953804408894362,6.290995761990063,0.17214339687716718,0.05123699828982353,0.05972780465330536,0.7368807971466126,2,True
1,0.03333333333333333,0.24000000000000013,0.002619937366452162,-0.0559845731807104,0.09780383109470638,-2.9983340445547277,-0.8947429611245827,1.916071538851955,0.19745035826808002,0.24438438144787641,1.120108031478693,6.5924213828444715,0.19745035826808002,0.0516510009765625,0.07044920622192996,0.6702287597781251,4,True
2,0.06666666666666667,0.2600000000000001,0.0008582070491978703,-0.045425902283621346,0.1269654532184125,-2.073491621510459,-1.1796482933801802,0.3012157672962781,0.20532399429033832,0.20102506247785612,0.9200006754906895,12.1259110578972,0.20532399429033832,0.052117399871349335,0.07877988585905547,0.49842524251216475,0,True
3,0.1,0.28000000000000014,0.006673763141471232,-0.037777645337169534,0.19477821470504691,-0.2792770821552301,-0.7514486929744347,-1.9543088215931241,0.2098315729764921,0.2852550923686352,1.5426486165432967,8.244894096380547,0.2098315729764921,0.05260999873280525,0.13682714374595223,1.1816712426865428,0,True
4,0.13333333333333333,0.30000000000000016,0.001479490155816866,-0.010341671385584906,0.20799412311629858,0.9781031300969043,-1.084694916283697,-2.7343808370618587,0.21749559181282774,0.21101035199879029,1.5735238802392706,12.373436969195554,0.21749559181282774,0.05321719869971275,0.15763080782791652,0.8994944228461643,1,True
5,0.16666666666666666,0.3200000000000002,-0.027140796818900848,-0.005244291984307384,0.21835329235167003,2.984283409195459,-0.7060649794841009,1.7733286301782538,0.2042464839983167,0.2716171513570572,1.2270343980605771,7.855771610662533,0.2042464839983167,0.05381060019135475,0.15724470221981304,0.5827882681437317,0,True
6,0.2,0.3400000000000002,-0.07890674156334038,0.010104803134216472,0.2563935475386484,-2.7142117534368553,0.019822928236375183,1.0625811694813132,0.19970497343072272,0.3730405062958825,1.5482502843151695,9.997890567391513,0.19970497343072272,0.054376401007175446,0.2052148295781494,1.2971143232026525,0,True
7,0.23333333333333334,0.3600000000000002,-0.12974303281066948,0.026089197798835992,0.29114478099867463,-2.4893604922218557,0.40838154940371274,0.4107140048428003,0.20191393622698434,0.4304371356198814,1.9047651311116742,7.047531830691389,0.20191393622698434,0.05438140034675598,0.25856150410644974,1.9018773858707991,3,True
8,0.26666666666666666,0.3800000000000002,-0.1473212521531564,0.015813239991616775,0.33598097267949883,-2.464241553036413,-0.12522971422877516,-0.6206088882102351,0.19286589047615035,0.3670375621951826,1.5585977168354672,12.864627154955247,0.19286589047615035,0.05410600081086159,0.31018732662289716,2.0901705713974628,1,True
9,0.3,0.40000000000000024,-0.1421298904090665,0.005621657112800205,0.3875140112015923,-2.2876205476074443,-0.5459189504452505,-1.577160361380413,0.18504187716813364,0.47156517696440353,1.7356654920885988,7.97120520666843,0.18504187716813364,0.05283519998192787,0.3530145384799749,2.4487996345177865,0,True
10,0.3333333333333333,0.42000000000000026,-0.12791342058447747,0.035290422493753866,0.4522146957290442,-2.620068723899865,0.0890507792696602,-2.101721013030866,0.19049075972843846,0.5285785836169447,2.282980922360883,7.345835523831496,0.19049075972843846,0.05138780176639557,0.4089734949130965,3.117010057890995,0,True
11,0.36666666666666664,0.4400000000000003,-0.08754655249042305,0.06184445990373352,0.5415536337101345,2.506802994964835,0.5698736081241934,3.0372463498291813,0.19587117051798833,0.565778798550406,2.213093364587569,7.050880983038637,0.19587117051798833,0.049587201327085495,0.4840888450079958,2.287672912443028,3,True
12,0.4,0.4600000000000003,-0.05573826552885398,0.025210307064933345,0.579069542969492,1.7536650069052386,0.39503099046036577,1.6001662114499249,0.20228290077708846,0.5488237950701552,1.835434789265519,11.603222769934312,0.20228290077708846,0.048002999275922775,0.540573596147392,2.110031355616767,0,True
13,0.43333333333333335,0.4800000000000003,-0.049302700803280315,0.06622508307065586,0.523694625242072,2.9314132150712813,1.305739639357268,1.796634816403215,0.21231008000782484,0.5787417673416096,2.0047713908570057,22.00715126380126,0.21231008000782484,0.04652699828147888,0.4971964120797789,2.6447918524909415,0,True
14,0.4666666666666667,0.5000000000000003,-0.01973146718520901,0.16724391261136579,0.49197074498876847,-1.8464718497174586,0.7847494849807392,2.7727293294262685,0.23224571348465894,0.6009874203176802,2.8307849694071603,10.281608833942649,0.23224571348465894,0.04608960077166557,0.4761023147877388,2.7570940763495493,8,True
15,0.5,0.5200000000000004,0.01541254632225805,0.24837217344418927,0.49966340573707635,-1.9807514669472273,0.5653462861081443,1.805254861598304,0.2647828640120135,0.560141491416146,2.2953410223355335,12.105358306834667,0.2647828640120135,0.04587579891085625,0.5065160298230694,2.347503664240787,4,True
16,0.5333333333333333,0.5400000000000004,0.1454999794161649,0.29224298972897067,0.5201859293735704,-2.3315386238315297,0.6588096987136106,-0.013027271955547887,0.2918799140322577,0.5166854735333315,2.180736480880399,16.021254461795934,0.2918799140322577,0.04610919952392578,0.5695102806744361,2.123570621370777,0,True
17,0.5666666666666667,0.5600000000000004,0.22479028302409906,0.2834840100935194,0.4904000564597029,1.5459877981192,1.0054322242232814,3.1088974359420747,0.2986512378821099,0.4457474659740667,2.148208766791594,27.033650352961857,0.2986512378821099,0.046448200941085815,0.5542274213483556,3.1070566266589754,0,True
18,0.6,0.5800000000000004,0.17011180364585826,0.34030178249580556,0.4475467809482431,2.012772078059675,-0.046400205108875575,2.574793277255975,0.3196248710457155,0.5918522181323795,2.361077383246011,29.677287383106293,0.3196248710457155,0.04684000089764595,0.5311387368045609,1.5836085472090746,10,True
19,0.6333333333333333,0.6000000000000004,0.5231909716557688,0.5212313430281222,0.6573007668869193,0.9569803080233573,1.1174038610586958,-0.9057512210884717,0.32211908755703467,0.9432432091577166,2.593848989870568,76.83614478842846,0.32211908755703467,0.04712500050663948,0.7856304489526688,2.926515226146736,8,False
20,0.6666666666666666,0.6200000000000004,0.844172188799853,1.3804116339908143,0.5178234337131343,-1.7768504851588962,-0.5287354608465438,1.8108495036926213,0.3147667241024712,2.2604438013157604,10.61105231470097,140.28072436991266,0.3147667241024712,0.04738239943981171,1.6016720326338418,2.20027032753193,48,True
21,0.7,0.6400000000000005,-72.47361557644092,38.61783236434766,865.9066490884518,0.21700722581203596,-0.5801442850550864,0.7183579523028605,0.3065854867734837,526.1324480799115,2619.4085067455326,108633.15510869358,0.3065854867734837,0.04758460074663162,6.289244298404188,2.6177277144221947,120,False
22,0.7333333333333333,0.02,-0.004463703210968225,0.002602733359966313,0.7914398073222599,-0.020294477197936336,-0.09584312934375533,-0.08650646190634091,0.2927976005624583,0.3056664078755574,1.006525205416481,1.3058588609937558,0.0,0.04772479832172394,0.7440475939205462,1.9658947367534212,4,False
23,0.7666666666666667,0.04,-0.009830351695756915,0.006475554380594123,0.792803123070524,-0.04507648841577171,-0.19398522572923463,-0.17582339776449396,0.28833911251783656,0.28696439739375645,0.9094580339580703,2.1469747180009136,0.28833911251783656,0.04783400148153305,0.745267863246288,1.8351447042501243,3,False
24,0.8,0.05999999999999999,-0.012498497177637466,0.011985901135745661,0.7886439265397629,-0.08074384018765549,-0.2914842710456467,-0.2598673178196785,0.28869259487907817,0.26406165784893376,0.8450289752426252,2.0426985119406513,0.28869259487907817,0.04792160168290138,0.7428515655415241,1.7020967666905475,3,False
25,0.8333333333333334,0.08,-0.01238002999485902,0.01726194796425998,0.779494047402491,-0.10618114978185905,-0.3853482230704682,-0.33326617332947717,0.2968809873313049,0.25335642273119874,0.8524981783919553,1.9088688846794197,0.2968809873313049,0.04801519960165024,0.7351559125416601,1.5796832833713301,2,False
26,0.8666666666666667,0.10000000000000002,-0.010399677045903905,0.022521358060106897,0.7634616505872374,-0.12950488405148494,-0.4737434271061347,-0.402216794491094,0.2982476376706695,0.24000379717917894,0.8184222422603427,1.5912275158588731,0.2982476376706695,0.04812080040574074,0.7207840146096264,1.464321622126239,3,False
27,0.9,0.12000000000000004,-0.007368408335756942,0.026180833130747126,0.7432511019166211,-0.14355434702426778,-0.5588880149110401,-0.4616023576036966,0.30537608109890896,0.23163318876302183,0.8665936598886925,1.5622929078335985,0.30537608109890896,0.048248399049043655,0.7016184661832788,1.3598543824915303,3,False
28,0.9333333333333333,0.14000000000000004,-0.004242566927361503,0.02820730447696129,0.7196082653219884,-0.1524107917637895,-0.64324780615206,-0.5110783700542617,0.30615175693717134,0.21623651804297397,0.9397132693791101,1.5470201305456355,0.30615175693717134,0.04838699847459793,0.6785865387059787,1.2628896426781318,3,False
29,0.9666666666666667,0.16000000000000006,-0.0009316500058152159,0.02958414669331894,0.6922555970923344,-0.16422357211937472,-0.7184895294430199,-0.5547205696100668,0.32182892296674004,0.20799175548433885,1.0402215311684058,1.2741492350651882,0.32182892296674004,0.04856700077652931,0.6522897683446511,1.1745935963412404,4,False
30,1.0,0.18000000000000008,0.001765090692223093,0.02945992112474232,0.6618399105720371,-0.17044569517056168,-0.7970295679781078,-0.5926876481410474,0.33628735940154153,0.2100713823164826,1.1209100224883108,1.44122282272931,0.33628735940154153,0.048752401024103165,0.6220751085743876,1.0886358336690578,4,False
31,1.0333333333333334,0.2000000000000001,0.004515045528444423,0.027899838037077213,0.630427776264915,-0.18316185751626615,-0.8693227640638774,-0.6198664825704623,0.3470108146488209,0.21647664029293837,1.1931703947170762,1.494430228315265,0.3470108146488209,0.04894860088825226,0.590728315251391,1.0085672164984634,4,False
32,1.0666666666666667,0.2200000000000001,0.005613884381592425,0.024736959908514895,0.5996109481096971,-0.18950552592962494,-0.9473575547539126,-0.6440588449905045,0.3642317638090317,0.2226518046553151,1.257312655918457,1.5431353159012087,0.3642317638090317,0.049120400100946426,0.5589651977777764,0.9304103691109796,2,False
33,1.1,0.24000000000000013,0.005555757696182865,0.020753058460708376,0.5715487098356157,-0.21365813534638697,-1.0180360773843269,-0.6498454203231812,0.37649375849319056,0.21959369849974988,1.3084483466702603,1.424194589093249,0.37649375849319056,0.04927999898791313,0.5303176587209909,0.8557475342865416,2,False
34,1.1333333333333333,0.2600000000000001,0.003444295011793461,0.016795251580108556,0.5443478293277827,-0.22871991392584148,-1.0878359345814919,-0.6641319960530002,0.39175148834769885,0.22070188056921217,1.3419658078316725,1.5088370636240687,0.39175148834769885,0.04938020184636116,0.5024004207448535,0.7828758317906849,2,False
35,1.1666666666666667,0.28000000000000014,-0.0006803275312670957,0.013177357050082335,0.5190390710821833,-0.266903636348548,-1.1540296223138022,-0.6547080310719596,0.40324288114905626,0.2194067181477139,1.3566292979727417,1.5750549063278703,0.40324288114905626,0.04946859925985336,0.4765697043023214,0.7117002486771772,2,False
36,1.2,0.30000000000000016,-0.006669827455316852,0.010588922271787512,0.4940767553741004,-0.3199273829004586,-1.214209891733302,-0.6326105662254556,0.4168592883228916,0.21969283638416726,1.373682665216781,1.5951003579104646,0.4168592883228916,0.04953340068459511,0.45172455337863093,0.6432160181775899,2,True
37,1.2333333333333334,0.3200000000000002,-0.013891642982370531,0.009429270220636483,0.46833780362223215,-0.3951751105689214,-1.2668807097592065,-0.5929901404273126,0.42751799856466666,0.2178671092811696,1.3647788919009674,1.6304052825489297,0.42751799856466666,0.04958539828658104,0.42660202995423796,0.5763602146082705,2,True
38,1.2666666666666666,0.3400000000000002,-0.022051128596797153,0.009365521077289796,0.44173889629987695,-0.47746482377813304,-1.314939767610362,-0.5494449873846746,0.4384604305324995,0.21716574242332515,1.3571616485203832,1.5181090872560152,0.4384604305324995,0.04963099956512451,0.4008546784663797,0.5110781790472992,1,True
39,1.3,0.3600000000000002,-0.029216109444855407,0.009598287785957263,0.4116654561359646,-0.7009067579195206,-1.3719152043057572,-0.37822147589489413,0.4571750634083894,0.21799965251980452,1.4256482215896624,1.3450479220054792,0.4571750634083894,0.04965920001268387,0.3729251601553656,0.43000564014163367,1,True
40,1.3333333333333333,0.3800000000000002,-0.03370307149875044,0.007729803965424272,0.37935576803522786,-0.8812945400022891,-1.413361355344895,-0.26842592201827253,0.4770439671486193,0.22506278619092787,1.4589446622825881,1.3558251838430122,0.4770439671486193,0.04967980086803436,0.34186843761499447,0.34014647131287573,1,True
41,1.3666666666666667,0.40000000000000024,-0.0407724663581665,0.002459594043523419,0.34705584092701913,-0.9636064605346509,-1.4553982640953456,-0.2233985494306744,0.497167842534213,0.2248543712380643,1.4677219213101642,1.4238084264524253,0.497167842534213,0.049685198813676834,0.31077908147220074,0.2820477934145235,0,True
42,1.4,0.42000000000000026,-0.05437212243782319,-0.0018923432584068887,0.3195358320864911,-1.3494357407494795,-1.5021046756238143,0.15030565048588662,0.5176008149080719,0.21907920527174235,1.4857461761392363,1.609115657101221,0.5176008149080719,0.04969180002808571,0.2840762404761991,0.2390537102995759,2,True
43,1.4333333333333333,0.4400000000000003,-0.07108830385359194,-0.004116026862142907,0.2990162734694472,-2.0361839436991,-1.491727266554964,0.8144142064986,0.5328059836785549,0.21167506508804876,1.4325101407328278,1.6370276472003213,0.5328059836785549,0.049699001014232635,0.26733797897675016,0.18594222133583288,4,True
44,1.4666666666666666,0.4600000000000003,-0.08139531463197704,-0.012760996980772276,0.2854142709335083,-1.6327443405302329,-1.5631154534895748,0.3779625114354721,0.5454943961170275,0.20053526137615785,1.366674913154573,2.322841099195109,0.5454943961170275,0.04971640184521675,0.2579457913973439,0.1842494989396909,4,True
45,1.5,0.4800000000000003,-0.0943623030631212,-0.021722979111204372,0.2689696073633155,2.166502427245308,-1.5254310955878294,2.8953797000327466,0.5592837613631161,0.19621144261214665,1.3034022496874598,1.885320375300615,0.5592837613631161,0.0497342012822628,0.24836294604050005,0.22626466100502385,3,True
46,1.5333333333333334,0.5000000000000003,-0.10531106018155909,-0.025288954360566513,0.256896210694757,1.8405744350273223,-1.525510050628668,-3.0846446767270828,0.5706457089440398,0.19415565100221566,1.2065664307129707,1.2884660330160935,0.5706457089440398,0.04975280165672302,0.2420513062506219,0.21659048039014306,2,True
47,1.5666666666666667,0.5200000000000004,-0.11570454056526244,-0.027889305197544196,0.24375326705065367,1.340611162852545,-1.4562903042251099,-2.5877415864982227,0.584648624406749,0.18762629515220236,1.0880868073033818,1.4572570144523658,0.584648624406749,0.049780599772930145,0.23758622744470786,0.27760491834686685,2,True
48,1.6,0.5400000000000004,-0.125553459338184,-0.029198048680154007,0.22467762263876512,1.56436723726219,-1.4477838839359478,-2.8009115092383614,0.5923208030190759,0.18422942859301755,0.9468885259466318,1.4985257909647243,0.5923208030190759,0.04981299862265587,0.22894762334753022,0.29634493787450505,2,True
49,1.6333333333333333,0.5600000000000004,-0.13140094216966003,-0.02710447978899957,0.20843400823717181,1.295822969656193,-1.4202884423203452,-2.5655323950003774,0.5998450922650976,0.17887913671070443,0.8004357027784963,1.2932558428457819,0.5998450922650976,0.049851998686790466,0.2200910492460425,0.30186954754079304,1,True
50,1.6666666666666667,0.5800000000000004,-0.1359818478786996,-0.028924985016974335,0.1892363690667327,1.2693995065290817,-1.3620479001389012,-2.531075936492249,0.608550871133846,0.1859605737977452,0.8998742912078943,1.3049872755537069,0.608550871133846,0.0498926006257534,0.21055200624034043,0.3674145663506663,3,True
51,1.7,0.6000000000000004,-0.13745394044439996,-0.030178079808417163,0.16873590891350318,1.300935819669724,-1.3700815768958154,-2.5709439028262255,0.613778921291918,0.19726961337885124,1.014093308233014,1.325384978608262,0.613778921291918,0.04993639886379242,0.19861628813720478,0.36381674614712667,3,True
52,1.7333333333333334,0.6200000000000004,-0.1349825907316853,-0.030534511596154168,0.1553641190519609,1.0977967266982844,-1.3095444403467786,-2.394522251671379,0.6167950739032252,0.20481446962989902,1.0580439160472581,1.1942830074720177,0.6167950739032252,0.04997580125927925,0.1882779734149257,0.4034621937794469,1,True
53,1.7666666666666666,0.6400000000000005,-0.13099545009122177,-0.032085736630386275,0.13944961066834172,1.1084076056845735,-1.2725061594446612,-2.39979720373969,0.6210585902739054,0.21627972582621274,1.137193843624757,0.9990239472471985,0.6210585902739054,0.05001299828290939,0.17712210689951646,0.4598528194192395,4,True
54,1.8,0.6600000000000005,-0.1254016998779881,-0.03215199473137237,0.12476936891632089,1.0175274365731737,-1.2813308667803838,-2.337827679661285,0.6225000502297813,0.2270280788352872,1.205137368773017,1.1808557193317617,0.6225000502297813,0.05004420131444931,0.16473445289089061,0.4521611576797197,5,True
55,1.8333333333333333,0.6800000000000005,-0.11940602696979392,-0.03121181758970324,0.11483486991983057,0.860006166088875,-1.2448008382794715,-2.214237947035017,0.621105713457818,0.22909762410420506,1.2318402577146055,0.8648267632743426,0.621105713457818,0.050074800848960876,0.15436511568804437,0.4818449167477535,5,True
56,1.8666666666666667,0.7000000000000005,-0.11289970959638168,-0.03035596769794093,0.1037165093387928,0.7887281543673804,-1.236308764783159,-2.163117039864362,0.6182466893640913,0.23244647283743358,1.2677946062581031,0.9631936055481864,0.6182466893640913,0.05010420083999634,0.1441686411964198,0.5062586444253698,6,True
57,1.9,0.7200000000000005,-0.10624207681533508,-0.028633595694047505,0.09387821890107442,0.6598876202305614,-1.2378623507778908,-2.0744155766840673,0.6122142087737269,0.22561993342471412,1.2933355839048313,1.0288513454375015,0.6122142087737269,0.050128400325775146,0.13388814999992432,0.5038918785153123,3,True
58,1.9333333333333333,0.7400000000000005,-0.10010861167775634,-0.026597862314727404,0.08540259421644067,0.5671526208126101,-1.2366202653151324,-2.0100970368864477,0.6059097351137617,0.22048437769472198,1.3151605813659208,0.9570348282875366,0.6059097351137617,0.05014999955892563,0.12509446567474114,0.5191842711613801,6,True
59,1.9666666666666666,0.7600000000000006,-0.09239104512695027,-0.02357379642686231,0.08320706708945036,0.44057625250283416,-1.2779913935863105,-1.9241457879840886,0.6052761710923314,0.2161889884060524,1.3031983374265814,1.2710407884438817,0.6052761710923314,0.050169799476861954,0.11657692317636313,0.4905934187042157,7,True
60,2.0,0.7800000000000006,-0.08565723281333738,-0.021199278328870533,0.08550371282028245,0.2819469746892355,-1.2987222711332964,-1.8081721376358844,0.5977677559204579,0.20944785690300055,1.2691707917777872,1.0309620061993205,0.5977677559204579,0.050186000764369965,0.11023628995788869,0.47754495567104926,2,True
61,2.033333333333333,0.8000000000000006,-0.07972214997204766,-0.019376928336403827,0.08575237208050834,0.13533624633849395,-1.3382039069011953,-1.6880343600929097,0.5894009631966038,0.20529120546273974,1.251525014543281,1.0498271832078132,0.5894009631966038,0.05019500106573105,0.10471879499034391,0.45783424033935716,4,True
62,2.066666666666667,0.8200000000000006,-0.07390658561939877,-0.017335982403573345,0.0868548512011595,-0.14310543041468735,-1.3678612675491233,-1.4450499602217823,0.5787163815658589,0.1973137150645443,1.1979834611767823,1.112669120935752,0.5787163815658589,0.05020679906010628,0.09933363528873489,0.43261043224629653,5,True
63,2.1,0.8400000000000006,-0.06936208460998038,-0.015810920506347977,0.08825008052151447,-0.36695009568938713,-1.391250682375136,-1.2387823640727644,0.5784035541671538,0.1938261258938263,1.1462038917858828,0.8031280749971221,0.5784035541671538,0.050220001488924026,0.09544562471064935,0.4201041566742,4,True
64,2.1333333333333333,0.8600000000000007,-0.06532956684556307,-0.014151958599190495,0.08972895247771973,-0.7500696024991316,-1.410254461918963,-0.865626848602348,0.5723646420248225,0.19013478277538212,1.1165724894108204,0.9626789700241555,0.5723646420248225,0.050243400037288666,0.09223854565748875,0.38988666132555055,3,True
65,2.1666666666666665,0.8800000000000007,-0.061989725185998046,-0.012298937921489195,0.09237085209757656,-1.1035182429313501,-1.4142235980834754,-0.5162939807595769,0.5719105453438005,0.18707828116525949,1.0870707877834953,0.7709203128824123,0.5719105453438005,0.05027259886264801,0.090148417619577,0.36570814604770047,3,True
66,2.2,0.9000000000000007,-0.05921312446695543,-0.011262785234515616,0.0950421325753932,-1.4852697201104845,-1.4125101069515509,-0.12531842100759202,0.5707520982999708,0.1854444780316214,1.0471499116329501,0.8067125111750127,0.5707520982999708,0.050313398241996765,0.08895355381888882,0.33142094442307374,5,True
67,2.2333333333333334,0.9200000000000007,-0.057239139507790554,-0.011138968877728481,0.09759398816939548,-1.844169346598801,-1.3907060545996743,0.24985809306241696,0.5719363676614798,0.18658606000795144,1.024669208710291,0.8516856240460612,0.5719363676614798,0.05035980045795441,0.08843504099835893,0.29049834989590495,3,True
68,2.2666666666666666,0.9400000000000007,-0.055227579898781735,-0.011178559201862656,0.10081146350925974,-2.054761169213548,-1.3595780610632284,0.4759062245270075,0.5695297969735748,0.18646485092979678,0.9981222252802102,0.5877655393275132,0.5695297969735748,0.05040900036692619,0.08841083912908122,0.26280807924627514,4,True
69,2.3,0.9600000000000007,-0.053745339943406356,-0.011217455774129685,0.10365674973013561,-2.188046746526853,-1.337783644339359,0.6310077819647386,0.569510176421877,0.18702306789043896,0.9779977714392099,0.5086551326498902,0.569510176421877,0.050453998148441315,0.08884658982957183,0.2389776035858794,4,True
70,2.3333333333333335,0.9800000000000008,-0.052281742581016144,-0.011219733109868126,0.10536469851105154,-2.297529400202321,-1.3101556206922402,0.7683113115450773,0.5700181027123179,0.1866903006542891,0.9675219342948715,0.4954754222629191,0.5700181027123179,0.05049600079655647,0.08896308925608154,0.21359367736309426,4,True
71,2.3666666666666667,1.0000000000000007,-0.049909862185388044,-0.01090427521080602,0.10670869872730177,-2.3690970655935057,-1.2889563465847464,0.865985567427858,0.5661889440458353,0.190210986293691,0.9587968119630925,0.42018262657243993,0.5661889440458353,0.05053199827671051,0.08815827352054081,0.19643431896668884,4,True
72,2.4,1.0200000000000002,-0.046822246945953994,-0.010366643055562084,0.10721823695863546,-2.4266060587496026,-1.2797982044661604,0.952672808681725,0.5672760487008709,0.18965326821810138,0.9564652634153884,0.5036573945879321,0.5672760487008709,0.050567999482154846,0.08642076256213674,0.17700563835777047,4,True
73,2.433333333333333,1.0399999999999998,-0.04270042055142094,-0.009546391592599294,0.10694696183206502,-2.481437794950138,-1.275614914321429,1.041717208151713,0.5625914330170689,0.1867327791752352,0.9615267732462182,0.5273137716757047,0.5625914330170689,0.05060400068759918,0.08353456409949865,0.15270842886867217,4,True
74,2.466666666666667,1.0599999999999994,-0.03714078229657952,-0.008439972991085681,0.10586062874525119,-2.516509534971121,-1.2760138001528751,1.10865738218945,0.5569471929718361,0.18423155588614262,0.9676383916108067,0.5222924938895549,0.5569471929718361,0.05068020150065422,0.07910061287977481,0.13391433971766603,3,True
75,2.5,1.079999999999999,-0.030479251981019397,-0.007029542014360691,0.10399554224718743,-2.56463423139954,-1.2902740178552248,1.188382234324831,0.5545078298643201,0.1787538885842619,0.9770688466223898,0.6002513072081308,0.5545078298643201,0.05080980062484741,0.07342240036186154,0.10982853595439171,3,True
76,2.533333333333333,1.0999999999999985,-0.02338942605035212,-0.005511505701072221,0.10091783831575331,-2.6159445228950107,-1.301839114442864,1.273162426660631,0.5561982510471365,0.17794318689516733,0.993712696146089,0.4915634025319472,0.5561982510471365,0.05104620009660721,0.06656414873762308,0.09225425444927254,4,True
77,2.566666666666667,1.119999999999998,-0.015457224059618382,-0.003597974646841975,0.09758040559160544,-2.6529487137182652,-1.317070873387935,1.3380246456354838,0.5511493732558792,0.17599521306202678,1.0083104484856151,0.5179061998451513,0.5511493732558792,0.05123100057244301,0.05860288447316813,0.08666414668813364,4,True
78,2.6,1.1399999999999977,-0.007084453696570438,-0.00136715941732202,0.09395677963160946,-2.7212137194011903,-1.3434114157485442,1.434002026652447,0.551538934105945,0.17286404015548912,1.016865278753314,0.5680551808735123,0.551538934105945,0.05138999968767166,0.05037275317693088,0.08499318710737067,4,True
79,2.6333333333333333,1.1599999999999973,0.0009235129673868486,0.0007515650288709317,0.08966378920955335,-2.777961434754908,-1.361941019544345,1.5174401388599834,0.5497421883325838,0.17086580263955187,1.0013466218682534,0.4904817519017263,0.5497421883325838,0.05048760026693344,0.0440924812263635,0.1039479403859512,5,True
80,2.6666666666666665,1.1799999999999968,0.009005888151305562,0.00307793860332471,0.08553816924367917,-2.8591485508881433,-1.3908796799518088,1.6165773917122706,0.5480453830927524,0.1636961891235421,0.9987810281276828,0.5824713251454069,0.5480453830927524,0.04979480057954788,0.038804501432108965,0.12036317355247024,2,True
81,2.7,1.1999999999999964,0.016328445875890104,0.005301710755364102,0.08103076429286128,-2.975990634919695,-1.415399529188097,1.7543824232959644,0.5481762632427035,0.1627420615654043,0.9972151725649584,0.4461710324285101,0.5481762632427035,0.049521200358867645,0.034359991066435495,0.14928442261237004,4,True
82,2.7333333333333334,1.219999999999996,0.023708548383950662,0.0076118028858021105,0.07674434638259547,-3.0608242680061957,-1.4402515003652736,1.848321585427991,0.54672585941433,0.15643078810391878,0.995990869785385,0.5566711296425085,0.54672585941433,0.049372799694538116,0.03181048458640355,0.16847156738085067,3,True
83,2.7666666666666666,1.2399999999999956,0.03020429752434979,0.009579271956002885,0.07197394132758042,2.949785119855653,-1.4681603684881201,2.1307704623793398,0.5498044837108634,0.15535935002638973,0.9981628413676298,0.4527449086380566,0.5498044837108634,0.04928699880838394,0.031247589040174724,0.19522058926596372,2,True
84,2.8,1.2599999999999951,0.03543286449055896,0.011126187597931778,0.06635532396347751,2.7684727059183167,-1.4811012381733624,2.3203589090059533,0.5503586049005299,0.15597736274209154,0.9996709869490186,0.5281619644077518,0.5503586049005299,0.04925220087170601,0.030937016473036528,0.22128874197513856,3,True
85,2.8333333333333335,1.2799999999999947,0.03994903880939227,0.01231975557352634,0.06295086408681544,2.329645919416201,-1.5006605044441157,2.757358939385624,0.5456731654814495,0.1546652631482185,0.9879960358069291,0.5732821225762165,0.5456731654814495,0.04922400042414665,0.0329342626238487,0.23775292410552495,5,True
86,2.8666666666666667,1.2999999999999943,0.041790155942461465,0.01248721188130888,0.061682146982892955,1.8664534427046646,-1.496667856829352,-3.053766946427093,0.540158134884047,0.15785105379395772,0.964957003700215,0.5075364912489687,0.540158134884047,0.049208998680114746,0.03427076080157221,0.2735678909771771,4,True
87,2.9,1.3199999999999938,0.04336010624584865,0.012527080928637786,0.06055884795197311,1.634775538252424,-1.506042152253734,-2.830632961938251,0.537491660171619,0.15864592684504178,0.949957015321804,0.5981001259990836,0.537491660171619,0.049204401671886444,0.03502089600570101,0.2765316928215678,4,True
88,2.933333333333333,1.3399999999999934,0.04503308278381523,0.012466295464989322,0.06006378518853469,1.2566028294240248,-1.5019937633350762,-2.4654020106873578,0.5327100066613956,0.16244048431785102,0.9497978398285165,0.6070603206886631,0.5327100066613956,0.049205001443624496,0.0361834265736432,0.2847317251726626,6,True
89,2.966666666666667,1.359999999999993,0.04739069942475292,0.012479651851568935,0.06117483681156922,0.9888441195908615,-1.5079318156350028,-2.215826579512711,0.5237903806248376,0.16067621069534987,0.9257245311777923,0.6814836565568179,0.5237903806248376,0.04921159893274307,0.038083107509557575,0.27932924522435876,6,True
90,3.0,1.3799999999999926,0.049228343280076275,0.012151364168296252,0.06277492957343123,0.7606342261354155,-1.5032770745118955,-2.0075452415609676,0.5194150852023303,0.16311455007622422,0.901518489765364,0.4670049337079835,0.5194150852023303,0.04921939969062805,0.040273002853699585,0.2748370829054562,5,True
91,3.033333333333333,1.3999999999999921,0.05011684366663211,0.011968494096983069,0.06265747201939843,0.6108165656174263,-1.5103791408900922,-1.8720341803991325,0.5123351297110312,0.16137772800352204,0.8745879033746577,0.4807395230345991,0.5123351297110312,0.04922959953546524,0.04103814175732783,0.2680937541055792,4,True
92,3.066666666666667,1.4199999999999917,0.05075426660074181,0.012121506121145008,0.06216420570660038,0.3638107827105524,-1.516044661928871,-1.6434321237284832,0.5045508133779325,0.1578868876564555,0.8524051041020495,0.4059453268366367,0.5045508133779325,0.04923899844288826,0.041697096135335864,0.25276781553349353,4,True
93,3.1,1.4399999999999913,0.05074509275709004,0.012481943946199317,0.061651226865755596,0.19114582506292876,-1.5249337990616691,-1.4814747262475079,0.5021139671632349,0.15725513638773306,0.8350538703549993,0.44875880477953445,0.5021139671632349,0.049247998744249344,0.041793269419177936,0.2433419681391689,5,True
94,3.1333333333333333,1.4599999999999909,0.050644067091774936,0.013041518743619118,0.06173615445412623,-0.3034409116077136,-1.5306609167027243,-0.9997841153784253,0.5030601455558685,0.16264581376531898,0.8408973335103562,0.3703622814973087,0.5030601455558685,0.04926300048828125,0.04214912227172237,0.22287297005376075,2,True
95,3.1666666666666665,1.4799999999999904,0.049598875883548076,0.013704015017034462,0.06085961185577859,-0.5301569857115267,-1.5321191277381696,-0.7796736767421933,0.49725025775014803,0.1653333747763996,0.8403329997519298,0.36572951123354935,0.49725025775014803,0.049278199672698975,0.041863443832469975,0.2145660116157326,3,True
96,3.2,1.49999999999999,0.048505676980616,0.014788904332332696,0.06023071369151293,-1.1217856338466656,-1.528584614279158,-0.19289232616625318,0.4933392245617442,0.16304932350031673,0.8229010529558067,0.415914647478019,0.4933392245617442,0.04929380118846893,0.041359441543400204,0.19494714025129986,3,True
97,3.2333333333333334,1.5199999999999896,0.048022365981131195,0.015532405611125857,0.06050675108003586,-1.1887430670950803,-1.521495400117115,-0.13337725459328267,0.49328241676069,0.16392306941175888,0.8189136622502803,0.3287978361076513,0.49328241676069,0.049316998571157455,0.04163035694394545,0.1859813459925035,5,True
98,3.2666666666666666,1.5399999999999892,0.047227127659717094,0.015472450483211763,0.0601346654780625,-1.3780496800474653,-1.520216391429736,0.05840420114980677,0.4901502436801474,0.16103620735706736,0.8168879782301646,0.4220066519404817,0.4901502436801474,0.04934399947524071,0.04128795150938471,0.18127815997783245,5,True
99,3.3,1.5599999999999887,0.04654366737925325,0.015452036967432152,0.06016977189371845,-1.5094430662633893,-1.5112514039270661,0.18961848166826012,0.49296163769181944,0.16728785861341966,0.8274349511206456,0.29086585757327704,0.49296163769181944,0.04937940090894699,0.040744360259999404,0.17058365729151476,5,True
100,3.3333333333333335,1.5799999999999883,0.04613707708021088,0.015303854386880802,0.06084270370546784,-1.5737610566377176,-1.5106683209089644,0.2572046216491893,0.4935704637903231,0.16827258741505147,0.8215158343338792,0.30170211821400683,0.4935704637903231,0.04941299930214882,0.0406138990517311,0.16744156855100853,5,True
101,3.3666666666666667,1.5999999999999879,0.04581224970935535,0.01519493374969434,0.061074325725948064,-1.7122040303673831,-1.5032077831065511,0.3994990751001583,0.4968660220638731,0.16747879749238048,0.8307153055270009,0.33275868855783675,0.4968660220638731,0.04944299906492233,0.04049428305702854,0.159185401854246,4,True
102,3.4,1.6199999999999875,0.045722906930534546,0.015250298075146343,0.061037658293144545,-1.7571438036601645,-1.500695374495597,0.4457199916472241,0.4963352358094429,0.16444148985717996,0.8269744451988643,0.24636192034356247,0.4963352358094429,0.0494690015912056,0.040533897508145574,0.15351866417615712,6,True
103,3.433333333333333,1.639999999999987,0.04582105616435144,0.015206739344667907,0.06129878419199588,-1.8109083649288054,-1.5048470515159926,0.5053011916688892,0.4977795595973531,0.16041372179877084,0.8265045189626501,0.23785513555710633,0.4977795595973531,0.04949299991130829,0.04068147129266728,0.15425000101147393,5,True
104,3.466666666666667,1.6599999999999866,0.045930150051724246,0.015312781726488563,0.06123358283067298,-1.9099209844292955,-1.5020791275926908,0.60973457711326,0.49629435975542924,0.15751227390367142,0.8137581706502344,0.20743578982055932,0.49629435975542924,0.049531400203704834,0.04090873519708678,0.1498828815134242,5,True
105,3.5,1.6799999999999862,0.04609889059466979,0.015447144795412227,0.061110170995989095,-1.9528189566382352,-1.5060203563394612,0.6568482731886002,0.4992858777910807,0.15605073755534207,0.8094136658268989,0.1975197646501775,0.4992858777910807,0.049572400748729706,0.04114401727790472,0.14960460553667282,6,True
106,3.533333333333333,1.6999999999999857,0.04635540629368595,0.01558944016533624,0.061308092417927736,-2.0015373314836626,-1.5087320781411127,0.7115706603539057,0.504948175996711,0.15617173564978387,0.827998963824323,0.1788319192295243,0.504948175996711,0.04961860179901123,0.041542689586529395,0.15242325854779382,7,True
107,3.566666666666667,1.7199999999999853,0.046491638107489464,0.015722249174443533,0.06129728444807956,-2.0135727614337906,-1.5090177942451268,0.7269482334985996,0.505191364280469,0.15627143759936504,0.8243099581104103,0.13771998575757544,0.505191364280469,0.049670398235321045,0.04183114096741036,0.15316065996891376,7,True
108,3.6,1.739999999999985,0.04664672122480308,0.015823921974511105,0.061137298082614075,-2.0057897732731758,-1.5132896208015831,0.7220679612960521,0.5050582088537696,0.15557834611963178,0.8205507392997078,0.15362467154385326,0.5050582088537696,0.0497249998152256,0.04204239400807571,0.15698032815245364,6,True
109,3.6333333333333333,1.7599999999999845,0.04680634832267137,0.015936103662339968,0.061071279568946576,-1.99216515090338,-1.5153152298915424,0.7109090001081895,0.5069447502942253,0.15243215040771196,0.8388118693718899,0.11089365953517956,0.5069447502942253,0.04979339987039566,0.04225524789679052,0.16073004881856784,7,True
110,3.6666666666666665,1.779999999999984,0.04691873989679673,0.016077550921549444,0.060778766494197,-1.9484818847670142,-1.5194851149208854,0.6676277350347944,0.5066152019623282,0.15300610372265547,0.8399302136508617,0.13339781560383696,0.5066152019623282,0.0498615987598896,0.04244624108921714,0.164141900830923,6,True
111,3.7,1.7999999999999836,0.04708037049933339,0.016183742386139174,0.060561442588336414,-1.902181364567502,-1.5252352832506297,0.6226344736560441,0.5060450203468108,0.15559975469856385,0.8431006511841357,0.12020966396003512,0.5060450203468108,0.04992939904332161,0.04260022358364623,0.17031889427290495,7,True
112,3.7333333333333334,1.8199999999999832,0.047151218388361574,0.01638805960794363,0.06045005759259886,-1.8468978015749602,-1.525806784591871,0.5671111221640774,0.5025764051618044,0.15293510087859635,0.8229389785707981,0.11570965696886111,0.5025764051618044,0.049997199326753616,0.04283728320489562,0.1731214039916412,6,True
113,3.7666666666666666,1.8399999999999828,0.04719751820574605,0.01655106329654901,0.06007947018494354,-1.7388326709187487,-1.52634292430241,0.45649566684412113,0.5066980915318833,0.1509654724739573,0.8328957684552798,0.1532522308856211,0.5066980915318833,0.05006499961018562,0.04297077018060416,0.17559085469190117,6,True
114,3.8,1.8599999999999823,0.047250563674431374,0.016685366652690294,0.05986990765462685,-1.6449350485811018,-1.5254159863509482,0.3603824892864423,0.5040208195025333,0.15036653525921997,0.826963943705979,0.1567398956908742,0.5040208195025333,0.05013459920883179,0.043084472262683166,0.17865475683698304,5,True
115,3.8333333333333335,1.879999999999982,0.047267707544514086,0.016844048132868068,0.0594202210971224,-1.583812639464852,-1.5206150369586626,0.29550991525107334,0.5048593100714914,0.14950622282573775,0.8374572861618235,0.1834317957344489,0.5048593100714914,0.05020400136709213,0.043182603706541534,0.17828725766881143,7,True
116,3.8666666666666667,1.8999999999999815,0.04724346880892383,0.01693587254034026,0.059097652800517625,-1.4904862630299283,-1.5182497492995144,0.1980790622825627,0.5029950370972235,0.15187161702985658,0.8520737028665024,0.18249233316069252,0.5029950370972235,0.050273001194000244,0.04321216306366847,0.18013682365894626,6,True
117,3.9,1.919999999999981,0.04729370116794684,0.017096889205640002,0.0592051827007263,-1.485687152113748,-1.5150721028846543,0.1902540263885515,0.5051463327217622,0.14914339906660504,0.8680040237982848,0.1963849237127251,0.5051463327217622,0.05034159868955612,0.043383516093420275,0.18065386747926757,7,True
118,3.933333333333333,1.9399999999999806,0.047542961533086625,0.017480433092272124,0.05934450866653353,-1.52533964859099,-1.5047311749875025,0.22344536332042217,0.5083844257946,0.15212198168743232,0.8764062857299417,0.2927933715327221,0.5083844257946,0.05040999874472618,0.04383210494582724,0.17434210197049507,4,True
119,3.966666666666667,1.9599999999999802,0.047683868255519006,0.017756928144567915,0.059464191245778245,-1.498658761829402,-1.5005948919879455,0.1902399732105929,0.5058471248558717,0.15443851702552422,0.8641325850056312,0.22341518366663882,0.5058471248558717,0.050477199256420135,0.04426867498277823,0.17310535931045645,7,True
120,4.0,1.9799999999999798,0.04784352618418511,0.017938923480187125,0.05953644767873966,-1.5133807218990663,-1.4984111077714688,0.20205279351049774,0.5007630948908044,0.1558273783599609,0.8621027825574337,0.22063281168954768,0.5007630948908044,0.050544001162052155,0.04460004973865558,0.17178028260509245,7,True
121,4.033333333333333,1.9999999999999793,0.04796936876050637,0.01810774583703119,0.05952839290579316,-1.558008302077322,-1.4938708490803465,0.24441639527554626,0.5014632633410175,0.15712305434419074,0.8642146776471479,0.236154816260005,0.5014632633410175,0.050609998404979706,0.04487619542209798,0.167605138520208,5,True
122,4.066666666666666,2.019999999999979,0.04809273241140795,0.018301976628581157,0.05948791027574754,-1.585252002936209,-1.4890761556240881,0.26842125072725714,0.5017001359395336,0.1594670711937788,0.8597796545818327,0.23193568540319032,0.5017001359395336,0.05067479982972145,0.04516067841535269,0.16346611157212662,6,True
123,4.1,2.0399999999999787,0.04794018222188792,0.01833208623951907,0.05933587658331789,-1.6086378976048015,-1.4886747767538662,0.291632996845937,0.5037105645459572,0.15945663511671276,0.8581824316597468,0.25913401895154153,0.5037105645459572,0.05073900148272514,0.04521046411644547,0.16213616598596076,4,True
124,4.133333333333334,2.0599999999999783,0.047642779374809555,0.01836401542156138,0.059122820272256654,-1.650907491466598,-1.4879064593841551,0.33415841596622675,0.5065031729219734,0.16073713339962245,0.8584199421377336,0.19745100007462746,0.5065031729219734,0.05080080032348633,0.045089523335093154,0.1577808219541701,7,True
125,4.166666666666667,2.079999999999978,0.04744299217183761,0.01829457563877508,0.05911390080649602,-1.6547748925135992,-1.4874648723177535,0.3385812023675173,0.5101646001611319,0.16244490971313,0.8584182315812843,0.21826422686390848,0.5101646001611319,0.050861600786447525,0.04498051551533457,0.1569747992168814,7,True
126,4.2,2.0999999999999774,0.047336351618171076,0.01822454552260481,0.05917018680850708,-1.6547395191172227,-1.4890888882554902,0.3396861013994493,0.5082364310581117,0.1601469084754469,0.8586608833223122,0.19633735447194786,0.5082364310581117,0.05092040076851845,0.04489148995127873,0.15769271566173498,7,True
127,4.233333333333333,2.119999999999977,0.047310837449444726,0.01825454937802225,0.058895828948540715,-1.683651843200268,-1.4862126076077757,0.3693015850548692,0.5036306376935198,0.1567564245367193,0.8555245204256166,0.17979261945736894,0.5036306376935198,0.05097559839487076,0.04490669019915207,0.15507596116050085,7,True
128,4.266666666666667,2.1399999999999766,0.04731465298491536,0.01825293658092799,0.05899761082175714,-1.6960410995719144,-1.4860454105107237,0.38362140694467095,0.50110598170926,0.15774158199960267,0.8530028524048747,0.1942578973805034,0.50110598170926,0.05102900043129921,0.04496230092043089,0.15430143800794666,7,True
129,4.3,2.159999999999976,0.047441548242566516,0.01833176756339203,0.05907348666750363,-1.7281195292664553,-1.4813636952694313,0.41719522360010725,0.5037988390387728,0.15547793395840187,0.8476236996337259,0.17296620813252067,0.5037988390387728,0.051072798669338226,0.04516626038220226,0.1509098522207653,6,True
130,4.333333333333333,2.1799999999999757,0.04740847750405824,0.01838867811062376,0.05905613945511641,-1.7234608952573398,-1.4821137964622035,0.41430895032278037,0.504579349332023,0.1579512092288649,0.8461718335780135,0.17217714779888732,0.504579349332023,0.0511137992143631,0.04525827114596435,0.15057608246110776,7,True
131,4.366666666666666,2.1999999999999753,0.04749513726848098,0.018483126079981694,0.058881733474022487,-1.7491634846640298,-1.481514679727148,0.4441612291207922,0.5033348775451848,0.15975593812760655,0.8441681421880647,0.24084235125419398,0.5033348775451848,0.05114920064806938,0.04540857068693423,0.1508721131416322,4,True
132,4.4,2.219999999999975,0.047495573394584316,0.018535910753045646,0.058883243867570156,-1.771937081381977,-1.4787370758733638,0.4695849469660208,0.5007556834426241,0.15971084700379604,0.8413206992138369,0.15822075909623753,0.5007556834426241,0.05117740109562874,0.04554230964882353,0.1476058305639542,6,True
133,4.433333333333334,2.2399999999999745,0.047581639756108386,0.01853865537399274,0.05899683999105326,-1.784561079159666,-1.479051649093217,0.4858303369694029,0.5011322396733245,0.1596761126267441,0.8396104114100121,0.17791869022656384,0.5011322396733245,0.05120199918746948,0.04566257104706206,0.14769821333776828,5,True
134,4.466666666666667,2.259999999999974,0.04781039661497368,0.01865293006363256,0.05907395887102868,-1.8149455068921874,-1.474337572916633,0.5192716176393369,0.4994184401250505,0.1543848184393753,0.8327359242563801,0.20244167614318476,0.4994184401250505,0.05121460184454918,0.045924215377495664,0.14537099203007628,5,True
135,4.5,2.2799999999999736,0.04787007423765659,0.018705354499875104,0.058944864537955846,-1.8077634166624328,-1.474200980369326,0.5137508173619131,0.4983001432783074,0.1540661743717164,0.8209553490833517,0.16339394225307904,0.4983001432783074,0.05122679844498634,0.04612459950645484,0.14443325010676578,6,True
136,4.533333333333333,2.299999999999973,0.04800271191475796,0.01871513251881688,0.05906486080420339,-1.8078530336928333,-1.476387751546811,0.5183164422407568,0.4990659865332616,0.1567215415049717,0.8326999036341269,0.15223396473814874,0.4990659865332616,0.051238201558589935,0.04626023558090136,0.14719394736471814,7,True
137,4.566666666666666,2.3199999999999728,0.048184727331920446,0.01876313415281581,0.05906180927848352,-1.8295685492393978,-1.4732782356175913,0.5438401045389122,0.4986641674251252,0.15420547264335752,0.8271196841534333,0.1979559900367325,0.4986641674251252,0.0512503981590271,0.046496810903278334,0.1465481601709405,6,True
138,4.6,2.3399999999999723,0.048215442230195846,0.018762101789744325,0.05884863263596242,-1.8093517268534085,-1.474635034178486,0.52602172965882,0.5006637411445197,0.15174231261744067,0.8253738545875916,0.15610573543871797,0.5006637411445197,0.051263000816106796,0.0465893173385997,0.14754402517347018,7,True
139,4.633333333333334,2.359999999999972,0.04832892665411795,0.01876414103559435,0.05889449125384605,-1.7942862510232178,-1.4776131419564353,0.5147967983463062,0.4969969383936896,0.15133969460644714,0.8177904315039992,0.14733017994345474,0.4969969383936896,0.05127739906311035,0.04671012890638876,0.15180514923046676,6,True
140,4.666666666666667,2.3799999999999715,0.04841050335033513,0.018784222603525115,0.05896564045878983,-1.7902751004659236,-1.4787929282400458,0.5141368989810525,0.497086081894403,0.15078429860285697,0.8121279513408475,0.1301990740611478,0.497086081894403,0.051291998475790024,0.046879247310748634,0.15400309332748077,7,True
141,4.7,2.399999999999971,0.048429070336332015,0.018776559962029205,0.05889742271830154,-1.7783878995217903,-1.479740247165394,0.5047666684135005,0.49269569428819726,0.1496443184082397,0.7891434892739666,0.12532946437408315,0.49269569428819726,0.05130700021982193,0.04695386402244446,0.1560986300340628,6,True
142,4.733333333333333,2.4199999999999706,0.04844427850221201,0.018758328884512423,0.05888842398460735,-1.7620161734675854,-1.4802682387254433,0.49059551567278786,0.48941208422876353,0.14759849590091054,0.7785469909765177,0.12853675989080698,0.48941208422876353,0.05132560059428215,0.04701633619068197,0.15824731163240463,7,True
143,4.766666666666667,2.43999999999997,0.048468092504544806,0.018744982336734852,0.05873817508613969,-1.7322117968651756,-1.4820726917599623,0.4627456872483484,0.49081555766828144,0.14675944197471666,0.7746667037543136,0.13408032495121328,0.49081555766828144,0.05134600028395653,0.04706290551060567,0.16129641304326425,7,True
144,4.8,2.4599999999999698,0.04854778379129862,0.01875389006121883,0.05876538171127664,-1.7159904751938044,-1.4829604726680774,0.44911089501457624,0.4841111384107392,0.14576741091551645,0.7377493897783037,0.1175941948345424,0.4841111384107392,0.05137300118803978,0.04716624142406814,0.16426193233510944,8,True
145,4.833333333333333,2.4799999999999693,0.04860135188874617,0.01875671610330381,0.058796727086399374,-1.7188957041097241,-1.482093722482648,0.4541966432117153,0.4839772992056756,0.14529523270468328,0.7335748740869001,0.1307080629406197,0.4839772992056756,0.05140199884772301,0.04728045008078805,0.16516990674830268,6,True
146,4.866666666666666,2.499999999999969,0.04860325505586215,0.018742847452935828,0.05874772560795903,-1.7133812993915543,-1.4812715634671472,0.4503763216251169,0.48799993508709105,0.14618224069041721,0.7521572372626955,0.1270079781484715,0.48799993508709105,0.05143500119447708,0.0473244146427604,0.16553881335933232,8,True
147,4.9,2.5199999999999685,0.04855806710935127,0.018715476030778645,0.05885461031629671,-1.7044822644365332,-1.4805125008582956,0.4430673246583885,0.4887433207425381,0.1453904732885024,0.754936623235291,0.12396947599995059,0.4887433207425381,0.05146719887852669,0.04735774940804217,0.1664566968032364,8,True
148,4.933333333333334,2.539999999999968,0.04849133001329519,0.018672649504956854,0.05894626404337253,-1.695654271260245,-1.479936401323446,0.43561211614468276,0.488664460335544,0.14382605486057665,0.7604475147425609,0.11698945313248911,0.488664460335544,0.05149900168180466,0.04735877574008615,0.1673974630162128,8,True
149,4.966666666666667,2.5599999999999676,0.04837691657046832,0.018606891440884406,0.05905421244966789,-1.6785776815236535,-1.4798919956355743,0.42029463098526804,0.48988225182856204,0.1457552597043622,0.7682647713101995,0.10634024728086333,0.48988225182856204,0.05152779817581177,0.04732204358392868,0.16906263668710259,7,True
150,5.0,2.579999999999967,0.048246767825733734,0.01851899460184297,0.05911852392721268,-1.668548424931587,-1.4803843122072184,0.4117406571992302,0.48576241376767426,0.14574662187985304,0.7572387626732755,0.10625623440406663,0.48576241376767426,0.05155539885163307,0.04725358587482012,0.17059412714942937,7,True
151,5.033333333333333,2.599999999999967,0.048115807992514775,0.01843487006611034,0.05919556860296684,-1.6565050024366725,-1.4812147912283313,0.4010388993296764,0.48736244381356536,0.14699544292084563,0.7721024386837596,0.09728612250527462,0.48736244381356536,0.05158060044050217,0.04718188842158135,0.1721462280250677,8,True
152,5.066666666666666,2.6199999999999664,0.04807828503476034,0.018400282752526573,0.059198099752310836,-1.649100272804527,-1.4811188490900487,0.3946652556815399,0.4856156035842599,0.14581022523471315,0.7655023045434559,0.10768397080254725,0.4856156035842599,0.05160579830408096,0.04716229936354323,0.17303322553693737,8,True
153,5.1,2.639999999999966,0.04803775708981292,0.01839360688044167,0.059287484884170724,-1.6356598085234073,-1.4810213359449538,0.3812974990583795,0.48626513487825557,0.144396532229367,0.7776609135103248,0.10991544083729013,0.48626513487825557,0.05163099989295006,0.04719712550077805,0.17387054331831997,7,True
154,5.133333333333334,2.6599999999999655,0.04802092644010645,0.0183884658567387,0.059358337694108254,-1.6260421481430636,-1.481647630587938,0.3712769880525594,0.48252187014856274,0.14386151567816768,0.7507646410513483,0.12222106982146588,0.48252187014856274,0.05165620148181915,0.047248746871174564,0.17425698029590386,6,True
155,5.166666666666667,2.679999999999965,0.04803629296473999,0.018411852345300617,0.05943085464259698,-1.614045961658991,-1.4821097178074303,0.35864404714382553,0.48429980077027207,0.14553993071674484,0.7524125847144618,0.134526629038706,0.48429980077027207,0.051683198660612106,0.047322714716571304,0.17458294733860813,6,True
156,5.2,2.6999999999999647,0.048093325181142184,0.01845827421861695,0.05949384764539751,-1.599615053680066,-1.4807495312388212,0.34333844379014944,0.4901900867733071,0.14852649809370444,0.763864931985639,0.20397806338221317,0.4901900867733071,0.05171379819512367,0.04746343978407152,0.17483939725961742,3,True
157,5.233333333333333,2.7199999999999642,0.04819604189890485,0.018509770457519073,0.059605852395610115,-1.5662515814245817,-1.480519096155236,0.30686802565165333,0.4923337020806182,0.1514519464790067,0.7785408642957874,0.1763123268607631,0.4923337020806182,0.05174560099840164,0.04763025975238786,0.1748326932146404,5,True
158,5.266666666666667,2.739999999999964,0.048054917192074866,0.018406853213957446,0.05977025201433737,-1.536189438941308,-1.4834805401245585,0.27614367004449164,0.49468933364106127,0.15488249836206908,0.7941374974476068,0.17711423307373697,0.49468933364106127,0.051777999848127365,0.04757718503598043,0.1767263936916487,5,True
159,5.3,2.7599999999999634,0.048171465545463685,0.018565344950705023,0.06004581018837753,-1.5230870920910233,-1.4816565389470338,0.26078283518112044,0.493341263225766,0.15404007783214177,0.780919248545288,0.22551039848306667,0.493341263225766,0.051812801510095596,0.04775678996400274,0.17621232381168353,6,True
160,5.333333333333333,2.779999999999963,0.04831008173155819,0.018713362690117124,0.06024230809086119,-1.5035547400372744,-1.4806938306304693,0.23843682496146984,0.4905696711767678,0.1540082061635567,0.762678509688413,0.2226851739864255,0.4905696711767678,0.0518484003841877,0.04796664931085286,0.1765276104814862,7,True
161,5.366666666666666,2.7999999999999625,0.04849740670028641,0.01886480230697174,0.06036283191390617,-1.4855872642879,-1.4817760478813955,0.21707410602893404,0.4922096186626399,0.15552071719806487,0.7595702545739444,0.21593530933110885,0.4922096186626399,0.05188560113310814,0.04833006298666712,0.17555069418004304,5,True
162,5.4,2.819999999999962,0.04873136970611051,0.019095666128057767,0.0603306507943817,-1.4781262965983213,-1.4802579048139952,0.20694019461362423,0.4948096304816617,0.15884996432041268,0.7737991476434942,0.24915888684022441,0.4948096304816617,0.05192279815673828,0.04863468786559015,0.17462587422304904,6,True
163,5.433333333333334,2.8399999999999617,0.04891815879640335,0.01926814391787501,0.06045816493753087,-1.4711770286175603,-1.478989134841349,0.19754517439504282,0.49600258861254454,0.16009574900489215,0.7817388133890706,0.2630711175089361,0.49600258861254454,0.05195999890565872,0.04888826254524697,0.1739608056846234,5,True
164,5.466666666666667,2.8599999999999612,0.049128483207345405,0.019457904702953603,0.06055626648170078,-1.4677871101986424,-1.478069254213216,0.19122838920459487,0.4947243803661428,0.15855365164896926,0.7675484392826657,0.2481471147535502,0.4947243803661428,0.051993001252412796,0.04915253181448253,0.1732025348921464,5,True
165,5.5,2.879999999999961,0.049352910734049855,0.01969116773303736,0.06064594083764429,-1.4670873421478952,-1.4769222275859841,0.18780779535426564,0.49793262172283237,0.1605090797233984,0.7704462074846641,0.263992254769761,0.49793262172283237,0.0520251989364624,0.0495098000230778,0.17194271862312008,6,True
166,5.533333333333333,2.8999999999999604,0.04942656581873006,0.019827239899336588,0.06063351634615501,-1.4719171705673517,-1.4770662028085175,0.19122621359824332,0.4959081733645071,0.16109846328672944,0.7478153000602861,0.24468100405428994,0.4959081733645071,0.05205579847097397,0.04969287394532382,0.1713835872528385,4,True
167,5.566666666666666,2.91999999999996,0.04964238951958252,0.020094294838928956,0.06035708517043331,-1.5010870289858464,-1.475279316862809,0.21932896521368783,0.49322117862312104,0.1601636168478711,0.7351110661052862,0.2866903953092043,0.49322117862312104,0.052087198942899704,0.04996299505563069,0.16865728204426805,5,True
168,5.6,2.9399999999999595,0.04979847034499537,0.020353760381416865,0.060158792326005475,-1.5351784547679612,-1.4739658850178279,0.2517702944903524,0.49186554531652715,0.16018433890298422,0.7320896349090678,0.21571036334201027,0.49186554531652715,0.05211900174617767,0.050306626287613086,0.16455533505133388,6,True
169,5.633333333333334,2.959999999999959,0.05003159454118041,0.020672809942332983,0.05998743289032967,-1.5836948566051303,-1.4701204605397202,0.2992567298468235,0.48672428728139827,0.15911619607556998,0.7217150087064305,0.24887019432660626,0.48672428728139827,0.05215439945459366,0.05064887959711036,0.1597016771495621,6,True
170,5.666666666666667,2.9799999999999587,0.050423486152913775,0.021033293876861224,0.05974583651733466,-1.6158837867562736,-1.4660557791488582,0.329896781203563,0.48985630962361415,0.15741698889647415,0.7132689725265542,0.24582128003482054,0.48985630962361415,0.05219139903783798,0.0511130448597595,0.15518700371926905,5,True
171,5.7,2.9999999999999583,0.05057382539301366,0.021370393113345054,0.059479179502049985,-1.6597679000733092,-1.462323204596365,0.374707088210349,0.490867612851229,0.15719464832444519,0.7065286090949379,0.27260698829357244,0.490867612851229,0.052231598645448685,0.05143086748751232,0.15140636714671565,6,True
172,5.733333333333333,3.019999999999958,0.051046355856628124,0.02182822063531238,0.0594984916319586,-1.6872640343489453,-1.456453219838188,0.3998753180311666,0.49124627300956747,0.1582876402928134,0.7155908212364573,0.2752214330079099,0.49124627300956747,0.05227179825305939,0.05209546855530794,0.14611625610058254,5,True
173,5.766666666666667,3.0399999999999574,0.051312796831122595,0.02210570933809678,0.059100665038619306,-1.6980276282326574,-1.4515287290598458,0.4088329849496596,0.4935865963197178,0.15511751210478195,0.7035235680275831,0.3428633919698484,0.4935865963197178,0.05231200158596039,0.052442467570540566,0.14380857564381305,4,True
174,5.8,3.059999999999957,0.051760193926150104,0.022492605210985846,0.059187938855397096,-1.7156215394867889,-1.4443928307669698,0.42453525941360754,0.49409407468482214,0.15512816984112462,0.7240634106363136,0.4138275090483346,0.49409407468482214,0.05233540013432503,0.0529083442316519,0.14068965089694063,5,True
175,5.833333333333333,3.0799999999999566,0.0524232806038103,0.022929834380093835,0.05952791808044243,-1.7063994322053782,-1.4420267191763059,0.40973243864456216,0.4961337620859323,0.15320199941328236,0.7176794387073249,0.33090047268407985,0.4961337620859323,0.052354201674461365,0.053859932220486594,0.13870096064818188,4,True
176,5.866666666666666,3.099999999999956,0.05329935388629654,0.023433692750657445,0.05945778626580986,-1.6944121916383683,-1.4314182618311888,0.39132050355425907,0.4957469249082419,0.1516540232348432,0.6852380877543531,0.4259864474054755,0.4957469249082419,0.0523638017475605,0.05469154145196879,0.13796009374350668,5,True
177,5.9,3.1199999999999557,0.05332190296477201,0.02355157180407319,0.05959902311913009,-1.667705692171817,-1.4361101736695985,0.3606043324073366,0.4938896013609011,0.151975070215865,0.6554059837593595,0.3244180550953429,0.4938896013609011,0.052365001291036606,0.055084024913256945,0.14059780857464266,4,True
178,5.933333333333334,3.1399999999999553,0.05444388723606158,0.024160489992165704,0.0602985810451194,-1.6774627223997824,-1.4213686258213256,0.3637737252955125,0.49713698168865494,0.15025153775033823,0.6233156145493869,0.5490402093459139,0.49713698168865494,0.052361998707056046,0.055808502852553434,0.13850187853388177,4,True
179,5.966666666666667,3.159999999999955,0.055564310650508264,0.024665585612989843,0.06074675706573772,-1.6155377402640128,-1.4289304900477335,0.2905796599254636,0.49501815378469877,0.14792531618539842,0.5965655509802709,0.47465964275282757,0.49501815378469877,0.05234939977526665,0.05744804852194331,0.1447336164623273,3,True
180,6.0,3.1799999999999544,0.055770858785602326,0.02495578824570036,0.06073445534070615,-1.648309851148258,-1.4227661175858721,0.32228861041600415,0.49094301980936683,0.1466541264385842,0.5793798038064542,0.5409528600196836,0.49094301980936683,0.05233379825949669,0.05752757363462157,0.14292366179999352,5,True
181,6.033333333333333,3.199999999999954,0.056164695557758215,0.025080794154969863,0.061109023589479235,-1.5893945649573733,-1.4144983278509167,0.247386387192262,0.4958246012018943,0.14929457583837705,0.6061369999090064,0.4938971011374112,0.4958246012018943,0.05231219902634621,0.05826972258827086,0.1500562757496746,5,True
182,6.066666666666666,3.2199999999999536,0.05483744874556388,0.024468692062564763,0.06094768434710835,-1.6069244973242462,-1.4257965447627472,0.26714366422008573,0.4967626763193124,0.15282248231120518,0.6249361099335256,0.550373832350303,0.4967626763193124,0.052292600274086,0.057163908263828715,0.15005391118892153,7,True
183,6.1,3.239999999999953,0.05511703300817145,0.02429960084070129,0.061684275108982646,-1.60809933335551,-1.4035938207673988,0.25532286212607563,0.4974355014258551,0.15159861133359157,0.6157185082628516,0.5103928468937956,0.4974355014258551,0.05227399989962578,0.056941859927598724,0.15014813070403885,6,True
184,6.133333333333334,3.2599999999999527,0.05421026974072343,0.02379136800834838,0.06115901675637925,-1.58575471054129,-1.4248633961191417,0.23019473663603632,0.498543031854571,0.1516248013008842,0.6436791785627406,0.6073261486947333,0.498543031854571,0.05226320028305054,0.056470120199838394,0.15521234623731034,4,True
185,6.166666666666667,3.2799999999999523,0.05357215603226705,0.023239758909185494,0.06105352704038617,-1.6507196090739555,-1.4049090145544745,0.2918231883687538,0.5009470146419845,0.15362399803992474,0.6469124333993359,0.4813837396589348,0.5009470146419845,0.05225519835948944,0.0551320414484982,0.14627715304848662,6,True
186,6.2,3.299999999999952,0.05261495161771668,0.022767281815751897,0.06078223947248864,-1.6188154724197248,-1.4184719901170868,0.2542346567812853,0.5026496904195571,0.15318972025101316,0.6695250208541406,0.4729596140023376,0.5026496904195571,0.05225279927253723,0.05463133718792069,0.15139739772825656,5,True
187,6.233333333333333,3.3199999999999514,0.05138510928143807,0.022252519393344595,0.06066082763388183,-1.7157439990027687,-1.4157887696104619,0.35582428761362334,0.5029927520436904,0.1568208897346483,0.6786704773321921,0.5053572316236594,0.5029927520436904,0.05225919932126999,0.05319602696190223,0.13872864451711095,5,True
188,6.266666666666667,3.339999999999951,0.05116336016730185,0.02235988857584647,0.061837034221708,-1.7003702350744174,-1.397257428598889,0.329990120171103,0.5052549444867559,0.15618862007794287,0.6870128056286106,0.419653897933065,0.5052549444867559,0.05226999893784523,0.053147616029599505,0.1403637836491561,6,True
189,6.3,3.3599999999999506,0.04994120972733213,0.02208472869717176,0.06002044263533611,-1.676867927699918,-1.4188088514732093,0.3048914196207597,0.5111874062163188,0.15915342132916943,0.724220567495566,0.5189181147401127,0.5111874062163188,0.052287399768829346,0.05260547157338667,0.14652699031591093,3,True
190,6.333333333333333,3.37999999999995,0.0487972919601541,0.02149062350379723,0.05959980693806766,-1.7928255384906697,-1.4112457940055383,0.4286264164698538,0.5101264646631485,0.1609368611744854,0.7172527088281165,0.5053533152206414,0.5101264646631485,0.052310001105070114,0.050897950539104606,0.12817814036982889,5,True
191,6.366666666666666,3.3999999999999497,0.04882988925493164,0.021898575261984042,0.060956068574404686,-1.7550765688474548,-1.3879652932895012,0.37968027827638623,0.5141270575283386,0.1597097467589779,0.7300878969093169,0.4302987926790085,0.5141270575283386,0.05234299972653389,0.051173070199606874,0.13330528075732712,6,True
192,6.4,3.4199999999999493,0.0472513607451492,0.02201087528375406,0.05923892318817815,-1.7516916718446502,-1.4224680927836975,0.37958733372693926,0.5146443316529631,0.16121927751283865,0.7542120897045066,0.6774990431946352,0.5146443316529631,0.052375201135873795,0.051061222066708496,0.13780839220823507,2,True
193,6.433333333333334,3.439999999999949,0.04707235205974635,0.02222120242877312,0.06120138415765763,-1.8129674497881338,-1.3883361298615653,0.44441883599922843,0.517795829220534,0.16152929553760548,0.7446151595096897,0.4929531455617232,0.517795829220534,0.052407000213861465,0.05028729472971629,0.12203782667278842,3,True
194,6.466666666666667,3.4599999999999485,0.04743697703514481,0.023397889552388706,0.0636620938837375,-1.7229627215579186,-1.3939586224513414,0.34025994356839717,0.522149901560259,0.16166726934786932,0.7641217536547917,0.4758031092136653,0.522149901560259,0.052414800971746445,0.05224130537495684,0.14091949654846894,5,True
195,6.5,3.479999999999948,0.0450373865460391,0.023383729088068683,0.06041555981620418,-1.7439759366859426,-1.3898258288662788,0.3709962979588729,0.5195025280565396,0.16129757851681226,0.7542600750629763,0.6695160491876034,0.5195025280565396,0.05242199823260307,0.051318613951086736,0.13305160354466522,4,True
196,6.533333333333333,3.4999999999999476,0.043946890061503194,0.02372932861274461,0.06014773883751384,-1.7154235807151095,-1.3845294185460053,0.33014878152597615,0.519834788761222,0.16014359375075576,0.7436093798191712,0.35289733061472645,0.519834788761222,0.052427999675273895,0.05067272742074279,0.14525565634524815,9,True
197,6.566666666666666,3.519999999999947,0.041911252259695185,0.02305455551278876,0.06015635541458201,-1.719773681571142,-1.396145152161983,0.33847387079499847,0.5275603057027767,0.1647109843672036,0.7745053201102485,0.32938410261585377,0.5275603057027767,0.05243600159883499,0.04941376374140463,0.14345437417180523,7,True
198,6.6,3.5399999999999467,0.041004524034076,0.022561063295826495,0.06170969323029123,-1.774230223936397,-1.386633329829961,0.39593018926459994,0.529135334246405,0.16683531761581094,0.7775666201534889,0.2991895839212605,0.529135334246405,0.05244499817490578,0.048581556422640976,0.13437808785770752,5,True
199,6.633333333333334,3.5599999999999463,0.04036530187562493,0.02255105747258969,0.06332312681359038,-1.7409658054891681,-1.3710487613471614,0.35324418737854285,0.5266533972770486,0.16396436944741677,0.7592414786175988,0.3844438108310506,0.5266533972770486,0.052447400987148285,0.04866101830063999,0.14395571714800012,6,True
200,6.666666666666667,3.579999999999946,0.03877396829259361,0.02222791362762809,0.06190526960698888,-1.7211356023007571,-1.385783224324749,0.3307509148119999,0.5258320777573687,0.16257425392839892,0.7730269461927581,0.38397100319150707,0.5258320777573687,0.052445799112319946,0.048141290231037415,0.14998726324183,3,True
201,6.7,3.5999999999999455,0.037480503372070255,0.02151988608407456,0.0607871377863454,-1.8099629245537183,-1.3810894676198597,0.42607536234062837,0.5241469740311151,0.16550219281413395,0.7693564951488274,0.3846494875504125,0.5241469740311151,0.05243619903922081,0.0465591194045165,0.1334815251785638,7,True
202,6.733333333333333,3.619999999999945,0.03719195908873122,0.02155004167040167,0.06274859137788422,-1.8015814432290445,-1.3533363639520237,0.4107050855051334,0.5284984529703837,0.1670923716731073,0.7594446176981728,0.5138567255839713,0.5284984529703837,0.05242219939827919,0.04666554722009035,0.13932081902608054,3,True
203,6.766666666666667,3.6399999999999446,0.03657962895414406,0.021831876417147508,0.06281752729762977,-1.7457550009140705,-1.38038062695492,0.3476995967299256,0.5298285893291442,0.17040112286995462,0.7680972296358868,0.4303198393306086,0.5298285893291442,0.05240600183606148,0.04733215530487823,0.15313183698042412,5,True
204,6.8,3.659999999999944,0.03492129605882367,0.02173015229833973,0.060948642989838625,-1.7838296743118114,-1.366513513708592,0.39435994858270634,0.5334476862115839,0.17324640914895342,0.7615171069441852,0.39681228690847586,0.5334476862115839,0.05237780138850212,0.046178084714895734,0.14247099170190358,4,True
205,6.833333333333333,3.6799999999999438,0.03464922277967824,0.02247186473336097,0.062006277543407894,-1.786261248717567,-1.3609050291865876,0.3932139221419421,0.5332108931110021,0.17332433800258956,0.7527542434691128,0.27612084972506795,0.5332108931110021,0.05234919860959053,0.0470944386683433,0.14580152504371413,6,True
206,6.866666666666666,3.6999999999999433,0.03425116861673996,0.02283690569387937,0.06219235700932289,-1.7900586164024723,-1.3614310863589545,0.39633591986393446,0.5340823821998656,0.17472809114414645,0.7562665760518577,0.24248940497910698,0.5340823821998656,0.05231979861855507,0.047707024939598455,0.14685962966799795,3,True
207,6.9,3.719999999999943,0.03394509945886711,0.02305968297736719,0.062457571604061235,-1.8071878138982627,-1.357093243839317,0.41503032927041844,0.5448583130628433,0.17838628897069891,0.7802969265802352,0.21170899281382943,0.5448583130628433,0.05229640007019043,0.04797091966888497,0.14464831587775795,5,True
208,6.933333333333334,3.7399999999999425,0.033988432651316895,0.023558085369660083,0.06334113684387498,-1.8076568792212042,-1.350326028408506,0.41507041240109277,0.5493706665594253,0.1769096385114617,0.766801722308425,0.22620453862012632,0.5493706665594253,0.05227600038051605,0.04869984271439234,0.1475603215511279,5,True
209,6.966666666666667,3.759999999999942,0.033983222309769884,0.024133130365963044,0.06362088024414883,-1.7998347364760756,-1.3478850005088518,0.4061343998183105,0.5492120930631074,0.17710147008503554,0.7655545654198166,0.2272582398685898,0.5492120930631074,0.05227059870958328,0.049521130560292,0.1516920014865096,5,True
210,7.0,3.7799999999999416,0.03360971384948527,0.024454309937827323,0.06308388217076832,-1.809454330496785,-1.3467700251731505,0.4170020094821901,0.5489916894982706,0.1788559948000829,0.7730935272655046,0.24715439143068005,0.5489916894982706,0.05226759985089302,0.049829670643946375,0.15129690548523606,5,True
211,7.033333333333333,3.799999999999941,0.033267884841830554,0.024733571116595313,0.06289249057589355,-1.8244469819590412,-1.342458425617589,0.4346153899373482,0.5534323619000939,0.18503125092485678,0.7731791546214828,0.2480173318339372,0.5534323619000939,0.05226939916610718,0.050024201372380624,0.15000624690332118,3,True
212,7.066666666666666,3.8199999999999408,0.03317954330284292,0.025243568541160423,0.06304167499469995,-1.8341470878241224,-1.3366443235581889,0.44570536958031,0.5530285045513715,0.18316758837169142,0.7547639379447322,0.25001226224866424,0.5530285045513715,0.05227319896221161,0.05048316927353843,0.15042112681736836,6,True
213,7.1,3.8399999999999403,0.03301108712869943,0.025865322747912874,0.06302996823540588,-1.8339943160906005,-1.3344736524148577,0.44573910847354226,0.5554499967989286,0.18496552039466008,0.745801410259737,0.2704550014858476,0.5554499967989286,0.052278000861406326,0.051143293443787596,0.15200628938501218,5,True
214,7.133333333333334,3.85999999999994,0.03252190577086272,0.026290361418372994,0.06242459297060881,-1.840270770769764,-1.3348605168503151,0.4533393883429212,0.5571382414906342,0.1848987002935244,0.7387901235965131,0.30101633288554025,0.5571382414906342,0.052282799035310745,0.05145811138888304,0.15081402254333867,4,True
215,7.166666666666667,3.8799999999999395,0.032020391408656354,0.02662862717977719,0.0618736792480231,-1.8561025903745059,-1.332248133265869,0.4717935120072327,0.5595644863361089,0.18517939803000838,0.7400054382626512,0.2984930863863656,0.5595644863361089,0.05228640139102936,0.05155255336744199,0.14808797259066078,4,True
216,7.2,3.899999999999939,0.031767435355434734,0.027180730131655815,0.0618288080040239,-1.8636515805270482,-1.3278248274394413,0.48096244209190114,0.5646712603115136,0.18536695563081873,0.74371333641175,0.2886379383824218,0.5646712603115136,0.05228760093450546,0.05195158594043217,0.14806018481677033,4,True
217,7.233333333333333,3.9199999999999386,0.03155369774737522,0.027866278918855843,0.06167062996863867,-1.8650313697597318,-1.3250854581315845,0.48301347556537094,0.5678872978291981,0.18504048493597502,0.7513363797633956,0.25409300307010746,0.5678872978291981,0.052282799035310745,0.05256049942251175,0.1494420009606937,3,True
218,7.266666666666667,3.939999999999938,0.03117209937165821,0.028413382531543612,0.06120330453713488,-1.8709677686383261,-1.3233367697332392,0.4903818300435697,0.5671937265491872,0.18254277784632217,0.7348244979275795,0.25975369405277443,0.5671937265491872,0.052274998277425766,0.05299512739866096,0.14904097351225393,4,True
219,7.3,3.959999999999938,0.030892991233266626,0.02888914352862682,0.06129913696170502,-1.8688185041892975,-1.3211036156019698,0.49022528702559015,0.5680703153820833,0.18324548183842895,0.7380939620385932,0.22512404095308539,0.5680703153820833,0.05226840078830719,0.05337384633283436,0.1490762330536775,5,True
220,7.333333333333333,3.9799999999999374,0.030684729102830512,0.02930204525662019,0.06151629961377897,-1.8571982640993407,-1.3197941853804271,0.48006837708954914,0.5697872885194023,0.18264178406759518,0.7535515780327848,0.24371272024519622,0.5697872885194023,0.05226320028305054,0.05380397736411973,0.15129604128137714,4,True
221,7.366666666666666,3.999999999999937,0.03034122780715454,0.02953116676796439,0.0613160181468345,-1.8512603537458425,-1.3193767213144463,0.4762919917020665,0.571852146769235,0.1828936645329881,0.7639444827774671,0.2309401491426603,0.571852146769235,0.05226080119609833,0.053989187549382055,0.15200098761011452,6,True
222,7.4,4.0199999999999365,0.03010472207614919,0.029731448950241674,0.061441969508792306,-1.8471860739866066,-1.3169056947701205,0.4745160041695066,0.5696153128337275,0.18277797390769915,0.7893874710651893,0.21268808113553253,0.5696153128337275,0.052260398864746094,0.05411919142890115,0.15293374387503403,6,True
223,7.433333333333334,4.039999999999936,0.030034219851772417,0.029983823501192358,0.06171467179886028,-1.8425687835200575,-1.3122738844424446,0.4711716154968832,0.5660755288392999,0.1822795236645843,0.7857681663288603,0.24584465594331775,0.5660755288392999,0.052260998636484146,0.05437412674731004,0.15623822595736067,4,True
224,7.466666666666667,4.059999999999936,0.030029984211119333,0.03026801017523145,0.06197463514300905,-1.8373880469827764,-1.3076361878081781,0.4665296796846267,0.5631981469501582,0.1821553189181996,0.7813883706857108,0.25395384161486745,0.5631981469501582,0.05225979909300804,0.054683691544735104,0.16033981338961648,5,True
225,7.5,4.079999999999935,0.029952577191510114,0.03052984439268337,0.06201504552536832,-1.8338660794317023,-1.3044005459726609,0.46380890117152584,0.5638846351412232,0.18498694468144267,0.7769330935499277,0.24317160308030575,0.5638846351412232,0.05225580185651779,0.05492764828878835,0.16323873591055615,5,True
226,7.533333333333333,4.099999999999935,0.02985484266210943,0.030774523516397173,0.0621720440742782,-1.827101512381806,-1.3018649753964815,0.4580041570089853,0.5648799938733539,0.1846944469721653,0.782848473926563,0.24500561731819853,0.5648799938733539,0.052246201783418655,0.05519057385519546,0.16595458808590907,5,True
227,7.566666666666666,4.119999999999934,0.029658093176732226,0.030932845643532332,0.06203345471800973,-1.826040845678995,-1.2994035424671717,0.4582965727211702,0.5633153373780374,0.18523797105087283,0.7708958145271504,0.23380951730791116,0.5633153373780374,0.052237000316381454,0.05533199104137968,0.16778420945859332,6,True
228,7.6,4.139999999999934,0.02955885207399742,0.031092750866219144,0.062160396230383615,-1.8232511718209357,-1.2958431258952925,0.45693447608457916,0.5634265551095351,0.18479716651557354,0.7684195195947909,0.23354995687692756,0.5634265551095351,0.05222800001502037,0.0554627537256026,0.169899112495498,6,True
229,7.633333333333334,4.1599999999999335,0.02942224807424286,0.03122025714542469,0.06221442486462308,-1.8150306517416193,-1.2947738877948138,0.44982966805626773,0.5626792385637153,0.18162895819040464,0.7684105096177541,0.22545020698439186,0.5626792385637153,0.052223801612854004,0.05561919899219948,0.1722150330732492,5,True
230,7.666666666666667,4.179999999999933,0.029166453565578832,0.031175537613329814,0.06208106142437506,-1.8081059948016747,-1.2955692298553723,0.44465021628035184,0.5641155306261671,0.17927564302279625,0.772375234499586,0.22176143550981625,0.5641155306261671,0.05222040042281151,0.05556658134786675,0.17272961699477238,5,True
231,7.7,4.199999999999933,0.028755416364148533,0.03104408345219994,0.0616610498160667,-1.8122374264610976,-1.2951676655143456,0.4513455628261208,0.5661208011154604,0.1799310918176661,0.7762482588565165,0.24680000467752747,0.5661208011154604,0.05221860110759735,0.0553350984495063,0.17186581578591004,4,True
232,7.733333333333333,4.219999999999932,0.0284986437387204,0.031041991569222115,0.061603854332117465,-1.8095612594299895,-1.294377798396002,0.4506139466654022,0.5690923094401019,0.18029687666585695,0.7804441311008712,0.22437439748363722,0.5690923094401019,0.052217599004507065,0.055251635627511404,0.17227333833617062,5,True
233,7.766666666666667,4.239999999999932,0.028198904900340986,0.031010939542783066,0.06150027208514552,-1.8000784432495043,-1.296311287776903,0.44269107853034384,0.5708600824613462,0.18038876953624566,0.7868167662695561,0.2163363443292231,0.5708600824613462,0.05221699923276901,0.05520268536818482,0.1725891135580236,5,True
234,7.8,4.259999999999931,0.027785293070898463,0.030845303649770055,0.06118979776432049,-1.7925217286579618,-1.2994051283580799,0.4373450305732992,0.5696465224355631,0.17806960883578288,0.7981047659969012,0.2219995972740984,0.5696465224355631,0.05221400037407875,0.05500470644261896,0.17169377839838448,5,True
235,7.833333333333333,4.279999999999931,0.02739191311516868,0.03063435335578789,0.06097581690966892,-1.7885266617255884,-1.3011054873031127,0.43627472773175385,0.5735941179635978,0.17617302588343706,0.7822445454105575,0.21298137547271467,0.5735941179635978,0.052210401743650436,0.054689806799637176,0.17025843808708277,6,True
236,7.866666666666666,4.2999999999999305,0.02738539370503238,0.030708242289608913,0.061100468845261435,-1.790375478254751,-1.2972143494446096,0.4387843684774934,0.5728710146393045,0.17417847683405507,0.765299364228855,0.1987571283863883,0.5728710146393045,0.05220559984445572,0.05471626953482283,0.17157472439985616,5,True
237,7.9,4.31999999999993,0.027583705262480555,0.030805960220868248,0.06132965225243107,-1.7833375015954906,-1.2946405662710456,0.4289987377951643,0.5748350337850049,0.17601048582842435,0.7788010812355328,0.20861517228345444,0.5748350337850049,0.052202001214027405,0.05491025179366797,0.17596727157111472,5,True
238,7.933333333333334,4.33999999999993,0.027598712455723776,0.03074776498208131,0.06139931612392091,-1.77690856231686,-1.2951594158443793,0.42101261976685517,0.5741308891791034,0.17578004418677007,0.7831448791917315,0.19293148793492526,0.5741308891791034,0.052198998630046844,0.05490765235217702,0.17743728250363033,5,True
239,7.966666666666667,4.359999999999929,0.027694183232599194,0.03076275600137164,0.06147060376603988,-1.7750862598736148,-1.2938467414993018,0.4179372214908176,0.5704557006779047,0.1741054492205717,0.7784941537111003,0.1829495496598868,0.5704557006779047,0.05219779908657074,0.05492325517190783,0.1788353461787365,5,True
240,8.0,4.379999999999929,0.027900755174124242,0.030857523869344743,0.06153947926696283,-1.7733898451217114,-1.2917802873211626,0.41416826787794236,0.5708359715222554,0.17033385444383572,0.7674103151556286,0.17242323633338943,0.5708359715222554,0.05219680070877075,0.055063899075212745,0.18117369364186275,7,True
241,8.033333333333333,4.399999999999928,0.027997308680511774,0.03088466565472394,0.061624473230185474,-1.7708373463464997,-1.29063166189909,0.40986633897864583,0.5652823258652061,0.16711114375033273,0.7508485104474332,0.16082421223499666,0.5652823258652061,0.0521962009370327,0.05515943973208898,0.18321378771853172,5,True
242,8.066666666666666,4.419999999999928,0.02802682414759676,0.030877020020849636,0.061679012135784826,-1.7681295539893722,-1.2900290669365932,0.4061827418045205,0.5672988286460421,0.167848556179724,0.7544225426662816,0.1414698653835347,0.5672988286460421,0.05219680070877075,0.05518942046465817,0.18440106195588485,7,True
243,8.1,4.439999999999928,0.028053744811649177,0.030878192629127048,0.06173677772426833,-1.7664698921726507,-1.288939555403586,0.40380425013565346,0.5650987244961747,0.16791839265140956,0.7510677825659555,0.13183920644740402,0.5650987244961747,0.05219800025224686,0.055222621361450105,0.18555406018600532,5,True
244,8.133333333333333,4.459999999999927,0.028109545079145204,0.030896176797365713,0.06177798467039962,-1.7654955247363726,-1.28737670382479,0.40242806375838086,0.5690710803083668,0.16676068643336744,0.7624648203142712,0.09623666075503617,0.5690710803083668,0.052202798426151276,0.05527613168456909,0.18679289879280064,6,True
245,8.166666666666666,4.479999999999927,0.028238484736185836,0.030901992739799367,0.061884881876536485,-1.763542693825912,-1.2851729575650652,0.3996255821911536,0.5727891784236555,0.16750067330710436,0.772412726976504,0.09965067733730523,0.5727891784236555,0.05220939964056015,0.05534157630122892,0.18874962211132348,6,True
246,8.2,4.499999999999926,0.028370388049835812,0.03092164237151008,0.06198351721382176,-1.7607457242019617,-1.2828152975905975,0.39581742043046964,0.5720363831821986,0.16877167941979143,0.7831731422834763,0.11341543429501187,0.5720363831821986,0.05221959948539734,0.05541603250150302,0.19107418220767305,6,True
247,8.233333333333333,4.519999999999926,0.02841906646675827,0.030931882855556626,0.06203660233023845,-1.760060883910728,-1.281367744478452,0.39458769993745724,0.572717381661889,0.167727459813925,0.7814798879161498,0.09568692032007245,0.572717381661889,0.05223499983549118,0.055480961129789605,0.1926188362428307,7,True
248,8.266666666666667,4.539999999999925,0.028414649502076724,0.0309201939494731,0.06206121590961084,-1.7606390261006517,-1.2802665696628985,0.3951531353132126,0.5744173129866434,0.16843282811244548,0.7870263381896514,0.08225225770433933,0.5744173129866434,0.05225300043821335,0.05550988132126832,0.19333828516186619,7,True
249,8.3,4.559999999999925,0.028407165382111275,0.030894146085451133,0.062085891698223754,-1.7615979511939304,-1.2790622523343642,0.39655982079152896,0.5762377515480137,0.165179996208234,0.7697130225687847,0.0718491393968336,0.5762377515480137,0.052278198301792145,0.05551918116270878,0.19384528625685585,5,True
250,8.333333333333334,4.579999999999925,0.028372868937681046,0.030852196626018256,0.06208577270381101,-1.7626085939664373,-1.2780251133501523,0.39830276947355586,0.5756088781754849,0.16206258745787883,0.7605689782395626,0.07969981356155076,0.5756088781754849,0.05230579897761345,0.05551656684193829,0.1943379293192724,7,True
251,8.366666666666667,4.599999999999924,0.02827393862265404,0.03076851244910297,0.062065143115308065,-1.7637309929076095,-1.277381511371515,0.4004499845648093,0.5768808709950763,0.16157057146631798,0.7546382041760371,0.0808850932510272,0.5768808709950763,0.05233820155262947,0.055460644048626495,0.19440311533478546,7,True
252,8.4,4.619999999999924,0.028144331808737294,0.030691847471358943,0.062001958701026975,-1.7661502230060397,-1.2769548910203192,0.4041999846070846,0.5751083997656162,0.16051403693353122,0.7545190767446142,0.08538424001618161,0.5751083997656162,0.052372999489307404,0.05539055118029737,0.19406254351091004,8,True
253,8.433333333333334,4.639999999999923,0.028053257827470465,0.030634535627736697,0.061968434225433765,-1.7684006659929814,-1.276117793686082,0.40728896199998743,0.5711247364635021,0.16075887155537258,0.760208222585172,0.07325303725807616,0.5711247364635021,0.05240900069475174,0.05534767058365454,0.19407059867939486,7,True
254,8.466666666666667,4.659999999999923,0.027928928868203483,0.03054820294773708,0.0619333472070585,-1.769410533944969,-1.2762675045283498,0.4089767533557025,0.5725108389719016,0.16082928874036267,0.7622082935918113,0.06809360308823377,0.5725108389719016,0.05244259908795357,0.055292614772781246,0.1937446018126386,8,True
255,8.5,4.6799999999999224,0.027791005417416786,0.030445819125388296,0.0619272422014244,-1.7704266247759886,-1.276088705952735,0.4110143889431119,0.571748621416616,0.1599293513127783,0.772773990314501,0.07893995184437616,0.571748621416616,0.05247560143470764,0.05520898356364716,0.19333665422157775,5,True
256,8.533333333333333,4.699999999999922,0.027668848849829297,0.03033704469996079,0.06194389782824368,-1.769696668174851,-1.2760408520918192,0.4113608822750006,0.5765390643543566,0.16095227187551686,0.7698033804333992,0.0744431095969378,0.5765390643543566,0.05250740051269531,0.055138552018556226,0.19324256263359302,7,True
257,8.566666666666666,4.719999999999922,0.02752882522056088,0.030181620260944664,0.06198812329883073,-1.767910043551104,-1.2762726534368787,0.41121626083194335,0.578497286482196,0.16089271736754865,0.7691761487060729,0.09283463222575042,0.578497286482196,0.05253760144114494,0.05502717854415662,0.1929544866605658,5,True
258,8.6,4.739999999999921,0.027392012952597494,0.030057097911706895,0.06200444962074823,-1.7675545411402855,-1.2763016894003822,0.41225086875655864,0.5765630191318576,0.15842210105811952,0.7751084807525035,0.0906763824999623,0.5765630191318576,0.052567001432180405,0.0549362898775833,0.1928057092648264,6,True
259,8.633333333333333,4.759999999999921,0.027227310166183277,0.029875151018428785,0.06204014286072049,-1.7645587188082776,-1.277068169524272,0.4105877751561528,0.5807789845256853,0.16263507738565072,0.7836345356247999,0.09429482864372268,0.5807789845256853,0.052596401423215866,0.05480785227765589,0.19247359167061248,4,True
260,8.666666666666666,4.77999999999992,0.026947847018161105,0.029623788697122348,0.06207774047892643,-1.760900445243591,-1.2788069392121935,0.40919955452342444,0.5801005379718986,0.16256449278301444,0.7832960228855164,0.09186915675821318,0.5801005379718986,0.05262500047683716,0.05460173214183151,0.1915432046129378,5,True
261,8.7,4.79999999999992,0.026691086875798117,0.02942126656708557,0.06208918440514957,-1.7600859846986625,-1.2796842727600184,0.4109205957549987,0.5784718091452209,0.16110629977911958,0.7841319210504771,0.09398225148793214,0.5784718091452209,0.05265200138092041,0.054407752765853704,0.19050396830150995,4,True
262,8.733333333333333,4.8199999999999195,0.02656341439332533,0.029269193578763376,0.062140579892483186,-1.7571434333860747,-1.2799503232745248,0.40929299891970816,0.5811757037166824,0.16300562341086577,0.786385124715173,0.0852282914383305,0.5811757037166824,0.0526794008910656,0.054287885598941835,0.19041868431076686,5,True
263,8.766666666666667,4.839999999999919,0.0262330073769648,0.029004716991425615,0.062140450620981266,-1.7537342815202557,-1.28283025888451,0.407825357148604,0.5827450766471266,0.16253668844732247,0.7716825650633392,0.09298872266324212,0.5827450766471266,0.0527070015668869,0.05409875576038568,0.1893144022131446,5,True
264,8.8,4.859999999999919,0.025920127480305633,0.028810545007992933,0.06207774199020093,-1.7554998213475885,-1.2834790930534292,0.4131282704826581,0.5842592216108036,0.16274961703225435,0.7856551960832424,0.1059612695758116,0.5842592216108036,0.052737001329660416,0.05384891072734925,0.1873788876650178,5,True
265,8.833333333333334,4.879999999999918,0.025881414825708236,0.028647860311731468,0.06223432580099292,-1.750344071458545,-1.2834721857262898,0.40856011436458706,0.5829761099141625,0.1607070770155683,0.7671755730606376,0.08451513549934067,0.5829761099141625,0.05276719853281975,0.05378909967356713,0.1884077499037383,4,True
266,8.866666666666667,4.899999999999918,0.02551413687743941,0.028342617080031066,0.06221284603102823,-1.746986161524023,-1.2861716849109683,0.4078057655321165,0.5843700088289207,0.16295188992702242,0.7749910919077244,0.0870132210009918,0.5843700088289207,0.05279780179262161,0.05351260845100722,0.1868529622130837,5,True
267,8.9,4.919999999999917,0.025233476266572553,0.028120696004616225,0.06223015772545552,-1.746573356739838,-1.286761898525853,0.4106181273785123,0.5820033581681471,0.15748610037004795,0.7739955097819302,0.09829230844205429,0.5820033581681471,0.05282960087060928,0.053281953017804404,0.18554132339024224,5,True
268,8.933333333333334,4.939999999999917,0.025224861630322823,0.02799210716250951,0.06237171587952649,-1.7419804231532106,-1.2855817010681967,0.4068335164358953,0.5821711882492637,0.1583131859239075,0.7814630152920675,0.06976217954855106,0.5821711882492637,0.05286199972033501,0.053198462751708336,0.18668324197981195,6,True
269,8.966666666666667,4.9599999999999165,0.02500694437683132,0.02768140282407553,0.062492578875510414,-1.7315979657301437,-1.2884316727729435,0.39744790034497224,0.5878705564725428,0.16438675632629654,0.7929019381338449,0.08081749172741923,0.5878705564725428,0.05289740115404129,0.05297749335669509,0.18677442521505833,6,True
270,9.0,4.979999999999916,0.02461459662767896,0.02736234813139809,0.06247848441543523,-1.7271484561837769,-1.29246182678933,0.3953916951727147,0.5861860317369062,0.16407907316593473,0.7868368963354782,0.07984562016994587,0.5861860317369062,0.052931200712919235,0.052651842578875965,0.1843431443792572,6,True
271,9.033333333333333,4.999999999999916,0.024467457891243043,0.027126226275033406,0.06261868228503759,-1.7206805497027513,-1.2939977812491041,0.38998984872303283,0.5878294942626013,0.16464035487487877,0.8069642158181818,0.06029941657346721,0.5878294942626013,0.0529618002474308,0.052426900808935264,0.1834329565097059,4,True
272,9.066666666666666,5.019999999999915,0.024324810137218374,0.02687797148437453,0.06276240458112757,-1.710315267384306,-1.2967476981774884,0.37955902754277027,0.5879508018103807,0.16475661232829003,0.8172863020353691,0.06990734478346729,0.5879508018103807,0.05298919975757599,0.0522256299295859,0.18357920165807834,5,True
273,9.1,5.039999999999915,0.024091448590509858,0.026680365084143117,0.06278075686493123,-1.7053340426440948,-1.2996291842943068,0.3753361658375959,0.5877440581665863,0.16588924943524824,0.8542861126008321,0.07267059307752982,0.5877440581665863,0.053015001118183136,0.052009181607823224,0.1822695059814319,6,True
274,9.133333333333333,5.059999999999914,0.024135505908474755,0.026599495564357676,0.06290456871761116,-1.6996611648836952,-1.3001160312632696,0.36833549445803504,0.588458661245591,0.16803909248290874,0.8742805595609914,0.0831352631164319,0.588458661245591,0.0530317984521389,0.051939906183458895,0.1823323512401766,5,True
275,9.166666666666666,5.079999999999914,0.02418490062585393,0.026461554437709638,0.06306667160142652,-1.6886122402191706,-1.301773429350368,0.35507195916200496,0.5900647534718877,0.17108203910851283,0.8853506586111599,0.1013065592034582,0.5900647534718877,0.05304599925875664,0.05186283716522829,0.18346317228291362,6,True
276,9.2,5.0999999999999135,0.024115069296439934,0.026362030503059186,0.06311655156864894,-1.6847361979346316,-1.3031321699557008,0.3510137842372094,0.591840508591898,0.16930497133108363,0.8874434287770298,0.07206001494111108,0.591840508591898,0.05305499956011772,0.051753104730754326,0.18305293582271323,5,True
277,9.233333333333333,5.119999999999913,0.024341817590707224,0.026462738942562153,0.06323904291994943,-1.684539026775302,-1.300166160864841,0.3497261405964074,0.5932617144685509,0.16735976317559792,0.88640210215237,0.07026986546522225,0.5932617144685509,0.05305960029363632,0.05185683463882299,0.1850434478315127,6,True
278,9.266666666666667,5.139999999999913,0.024423362602801417,0.026511361618119466,0.06326656022161915,-1.6852643715495748,-1.298869970411991,0.34977292093813933,0.5958544105828112,0.16835683488518793,0.8862772039766789,0.06872665070098102,0.5958544105828112,0.05306199938058853,0.05194438833237505,0.18623607011527718,6,True
279,9.3,5.159999999999912,0.024451371484234853,0.026548237502721027,0.0632269945388856,-1.68920764654445,-1.297426644448104,0.3537764785350763,0.5965213119362796,0.1673963915839462,0.8871246890616543,0.0769677869287914,0.5965213119362796,0.053057800978422165,0.05198144384441894,0.18675332309671264,5,True
280,9.333333333333334,5.179999999999912,0.024501540924004753,0.02661247882268285,0.06318928906382808,-1.6934549528909983,-1.2958144286885631,0.3577408096995011,0.5971538239712488,0.16769996450932842,0.8875949628487156,0.07551467118516374,0.5971538239712488,0.05305099859833717,0.052047192900081404,0.18734085433217496,6,True
281,9.366666666666667,5.199999999999911,0.02452812445500654,0.026638209640159657,0.06316416133642977,-1.6964400762187242,-1.2944999426621286,0.3608604247750999,0.5972578064167454,0.16804982406061827,0.888322200682681,0.0728654158490676,0.5972578064167454,0.05303899943828583,0.052092462345216736,0.18790595760750814,6,True
282,9.4,5.219999999999911,0.02454916087059219,0.026655156013938242,0.0631383596054746,-1.6997077587075213,-1.2928837873501429,0.36458663015403925,0.600758103240152,0.16915019255543187,0.8890237650398283,0.0831465467685664,0.600758103240152,0.05302020162343979,0.05212121203659001,0.1885955107317294,6,True
283,9.433333333333334,5.2399999999999105,0.024585589429663376,0.0266849546346169,0.06310018791751196,-1.7043514549803902,-1.2908707466295861,0.3697552464840902,0.6005476817260131,0.16819804896965884,0.8897739160085235,0.09877903803153976,0.6005476817260131,0.052997998893260956,0.05215529654720459,0.1893305718291286,6,True
284,9.466666666666667,5.25999999999991,0.024605893782197335,0.026700984315939466,0.06309204568522747,-1.7081798935838093,-1.2891940652268996,0.3741591276837271,0.6036709564727012,0.16758834280103377,0.890793005227263,0.09306722458496036,0.6036709564727012,0.05296320095658302,0.05220401387259013,0.18990253022490014,6,True
285,9.5,5.27999999999991,0.024634247056990487,0.026741053332148077,0.06306749424828387,-1.7106267997116094,-1.287950141955543,0.37652604601290734,0.6012433642607022,0.1631128853165453,0.8918576419053694,0.06906602811142683,0.6012433642607022,0.05292600020766258,0.05225547202871955,0.1904702380290655,6,True
286,9.533333333333333,5.299999999999909,0.02460505062819991,0.02672599779705068,0.06301531075245255,-1.7123749221248514,-1.2876323925131827,0.37825782967569616,0.5993358301962888,0.16197307668497257,0.8934390346807606,0.057147428443366025,0.5993358301962888,0.05288400128483772,0.05226746187007289,0.19043523536711188,6,True
287,9.566666666666666,5.319999999999909,0.024562032871191485,0.026690588781550506,0.06297891857061139,-1.7143569300580832,-1.2872848021262617,0.3805607624333748,0.6001195339395105,0.16067880605164098,0.8954647015761537,0.05622052014068882,0.6001195339395105,0.052841201424598694,0.052235034242198344,0.19033079643417788,6,True
288,9.6,5.339999999999908,0.02454055293890142,0.026682934137048014,0.06294165047636367,-1.7165630684638986,-1.2869713204332782,0.38273475221907727,0.5962402054352931,0.15734094158847964,0.8874417479170813,0.07038443593276096,0.5962402054352931,0.05279799923300743,0.05221981478717725,0.19029415814397238,6,True
289,9.633333333333333,5.359999999999908,0.024486519876446122,0.026641242339062395,0.06290703454005735,-1.7166773771375152,-1.2873221197946083,0.3827470478619749,0.5979303229737747,0.15900850271137623,0.8715043988339847,0.06185586999931912,0.5979303229737747,0.0527493990957737,0.05219054729865997,0.19016376638031698,6,True
290,9.666666666666666,5.3799999999999075,0.024415740197022445,0.02657721144759147,0.06289352441146669,-1.7149351110912499,-1.288143529587507,0.38092593966244676,0.5994832720679546,0.1629172892695203,0.8859984729236954,0.05958600681613281,0.5994832720679546,0.052699800580739975,0.05213744279663549,0.1899101632103725,5,True
291,9.7,5.399999999999907,0.024335064126298225,0.02648801008987963,0.06291962008324006,-1.712052208311146,-1.289369173730725,0.3780305823585536,0.5981851174207131,0.16399911427974487,0.8898293795645079,0.06801880654542694,0.5981851174207131,0.05264820158481598,0.05207222095104627,0.1895604363819687,6,True
292,9.733333333333333,5.419999999999907,0.02423197331634614,0.026342518899697274,0.06297815566510861,-1.7079516837818938,-1.2908210263170037,0.3743514519345487,0.599953682330553,0.16495569414836792,0.8840654422320419,0.07129350468234082,0.599953682330553,0.05259979888796806,0.05196489185513954,0.18905270194745613,6,True
293,9.766666666666667,5.439999999999906,0.02413453283497611,0.0261982379255001,0.06302787841781587,-1.7046161509441324,-1.2919631166935968,0.37162369848201604,0.5987739679522847,0.16532712188822019,0.8840963564076202,0.08205680082120506,0.5987739679522847,0.052553001791238785,0.051840380818348804,0.18859969538087804,7,True
294,9.8,5.459999999999906,0.02403175980655141,0.026057255309393734,0.06306228502283094,-1.7020568592267098,-1.2928436791128461,0.36982648479292524,0.6007047846423436,0.1675399060782266,0.8891679740927719,0.08882597641980676,0.6007047846423436,0.052510399371385574,0.051725744461857126,0.188203534119522,6,True
295,9.833333333333334,5.479999999999905,0.023933379415157618,0.02591134170631541,0.06308399862385061,-1.7013923483686166,-1.2933638157792424,0.3701736167049238,0.599189177035493,0.16580326198335085,0.8746960102799959,0.09143818402747252,0.599189177035493,0.05246959999203682,0.05160188396606605,0.18783038967912055,6,True
296,9.866666666666667,5.499999999999905,0.023819007750927594,0.025775182499607155,0.06309591507702644,-1.6994768599907826,-1.2945550321874104,0.3686790771938632,0.5975366076096668,0.1632320213157283,0.8631059364937227,0.09159979038146912,0.5975366076096668,0.05243239924311638,0.051492954010271076,0.18726602345833626,10,True
297,9.9,5.5199999999999045,0.023651852793917117,0.025559095566232773,0.06314500475806212,-1.6941922532889304,-1.2968557837895758,0.36399792410426635,0.5974734643653362,0.16333295008842244,0.8618911649662345,0.09378489789519098,0.5974734643653362,0.05239599943161011,0.051324026048876856,0.18652278454228266,9,True
