frame,source_joint_index,time_s,root_x,root_y,root_z,joint_abs_mean,joint_vel_abs_mean
0,0,0.0,-0.0007232393022196512,0.0014415023185867957,0.7934342783770729,0.3286664917671668,0.006944239826005851
1,2,0.0039904117584228516,-0.0007232393022196512,0.0014415023185867957,0.7934342783770729,0.32866964867772086,0.007234249785863634
2,4,0.007996797561645508,-0.0007560176377165595,0.0015074630978869072,0.7934151945215752,0.3286689709779678,0.00501192104099479
3,6,0.012003183364868164,-0.0008237450061100578,0.0016431514691010506,0.7933758366178159,0.3286686868603534,0.007114094292648651
4,8,0.01673746109008789,-0.0008955258690950646,0.001788179196709877,0.7933340702260172,0.32866613728451893,0.00790860508384177
5,10,0.019998788833618164,-0.0009674593942929886,0.0019336843163533673,0.7932927620722846,0.32870866756300154,0.021280456254066063
6,12,0.024003267288208008,-0.0010441166184104514,0.0020885105495443,0.7932482584710042,0.32882954120427244,0.04227235708947711
7,14,0.02799844741821289,-0.0011236976895691187,0.00224996349723454,0.7932012387003634,0.3288352393228079,0.045847543564942216
8,16,0.032000064849853516,-0.0012062035103744312,0.002416451942535881,0.7931528755219178,0.3287239795458375,0.04515092109736072
9,18,0.03600573539733887,-0.001291808500697823,0.002590874005981014,0.7931025181790027,0.32868786923515064,0.043011184239856386
10,20,0.04000139236450195,-0.001374613129044199,0.002763753903387246,0.7930526907734292,0.3285930756407244,0.038589433241025387
11,22,0.04400229454040527,-0.0014614290911208856,0.0029481395185203723,0.7929995284364401,0.3285242104521503,0.041449978594379176
12,24,0.04799985885620117,-0.0015494057327697717,0.0031392299531626962,0.7929448343090403,0.3284447780300478,0.04135385434271704
13,26,0.051995277404785156,-0.0016409290470961503,0.0033401349779739412,0.7928873542643223,0.3283500903394426,0.040744018298373076
14,28,0.056067466735839844,-0.0017362708173337734,0.00354795958936836,0.7928284550859056,0.3282665466701066,0.03781037044647182
15,30,0.05999135971069336,-0.0018358477755752761,0.0037630301448249455,0.7927688007010532,0.3281793750236453,0.030934542754729247
16,32,0.06398749351501465,-0.0019427223206123871,0.003983796188066915,0.7927104445558204,0.32811260383760815,0.024832956567165797
17,34,0.0679924488067627,-0.0020578652656393272,0.004211360495115919,0.7926539856149438,0.3280536319903933,0.022033025964227473
18,36,0.0719916820526123,-0.002180192793217051,0.0044457037229811485,0.7926006024914118,0.3279923183205216,0.023625149015499808
19,38,0.0759892463684082,-0.0023092600633261803,0.004687683165881957,0.7925486689792384,0.3279064702420046,0.02927679404343382
20,40,0.07999229431152344,-0.0024472799685952666,0.004943425917506448,0.7924968650579401,0.327832372130521,0.035196063104727913
21,42,0.08404827117919922,-0.0025863422775258293,0.005201939879353155,0.7924481637362968,0.3277463358646291,0.036522442140769024
22,44,0.08801126480102539,-0.0027351384026202945,0.005480852583133423,0.7923983255790308,0.32766426762301026,0.039916466865367414
23,46,0.09200000762939453,-0.0029061711111888046,0.005807946910813446,0.7923425245777427,0.32757952070698654,0.04282962092487463
24,48,0.09601879119873047,-0.0030399371758195763,0.0060680380373150915,0.7923017488834626,0.32748564528421786,0.040282913953354905
25,50,0.09999728202819824,-0.0032150828732838387,0.006411253140499763,0.7922537584329227,0.3273719856495455,0.04775994545218117
26,52,0.10400509834289551,-0.003368621489372389,0.006710766682092014,0.7922170116202762,0.32729106247103934,0.04014019641908817
27,54,0.1080019474029541,-0.003545652601798644,0.007054823422087931,0.7921783834619638,0.32720117590285774,0.044380284443393286
28,56,0.11202216148376465,-0.003729824074292688,0.0074100424704046245,0.7921414569451055,0.32710227654275387,0.04192555423601177
29,58,0.1159977912902832,-0.003920988418752968,0.007777473721074713,0.7921066112275573,0.32696001005061937,0.049168681826217676
30,60,0.11999821662902832,-0.004125236069724109,0.008161447310545194,0.7920735287927826,0.3268624493382582,0.05244748533607043
31,62,0.12401127815246582,-0.0043304062919950394,0.008539014110271475,0.7920445669880648,0.3267681899095147,0.05244714876331774
32,64,0.1280069351196289,-0.004546224657960368,0.008929412606290231,0.7920191828599551,0.326691177687688,0.05121419423436425
33,66,0.13200664520263672,-0.004771621117403281,0.009327126017541765,0.7919963933207987,0.32655972816804746,0.04608304797800194
34,68,0.13601207733154297,-0.005005354736288716,0.009728529017047233,0.7919744602436517,0.3263916838572939,0.05392308873606139
35,70,0.14000725746154785,-0.0052571009942265325,0.010147578956796218,0.7919528222207108,0.32627729660277416,0.05557376689855652
36,72,0.14401745796203613,-0.005505367118192969,0.010548345511366597,0.7919353216966274,0.3261626348328969,0.052939887644305565
37,74,0.14800596237182617,-0.005770149333933438,0.010964521927673122,0.7919175402279258,0.326038743415446,0.05762076200034212
38,76,0.15200543403625488,-0.006044475746258439,0.011386792116646801,0.7918995731961712,0.3258973932002093,0.05570266048568461
39,78,0.1560063362121582,-0.006328396657111134,0.011815124211810073,0.7918809503897399,0.3257555528363245,0.05879457040432969
40,80,0.16013884544372559,-0.006621646724590251,0.012248934144798574,0.7918622861309036,0.3256391884000362,0.06317529978294825
41,82,0.16400599479675293,-0.0069261587241535106,0.012688879387524315,0.7918439954406473,0.3255218935383741,0.062240759239949546
42,84,0.16800689697265625,-0.0072422570254174114,0.013134624795875151,0.7918245397802532,0.3253774328522609,0.059712591540903366
43,86,0.1719989776611328,-0.00756861979304111,0.013583621571592564,0.7918036346043312,0.3252228318757763,0.06249722790832085
44,88,0.17599916458129883,-0.007905506939739364,0.01403724560936378,0.7917813057178335,0.32508822836800766,0.064435478922076
45,90,0.17998886108398438,-0.00825491443670197,0.01449788429344649,0.7917580167089917,0.3249551772023551,0.06672357719247068
46,92,0.18398714065551758,-0.008620083202529842,0.014971114936749014,0.7917302649473529,0.3248054657356235,0.06953519616870145
47,94,0.18799161911010742,-0.008982776961103665,0.015435065680197502,0.7916981283747284,0.32463947025224055,0.06880225028023766
48,96,0.19199156761169434,-0.009361998377099643,0.015913099452410352,0.7916608557786301,0.32449579241902343,0.06801343325059861
49,98,0.1959984302520752,-0.009750277827131289,0.01639534821050506,0.791619496913196,0.3243566621355873,0.06608469282469616
50,100,0.19999909400939941,-0.010151225967389188,0.0168848420426557,0.7915730312995463,0.3241603536479143,0.0707574886639185
51,102,0.20400738716125488,-0.010566575126514485,0.01738449109532111,0.7915205817801485,0.32398149154173084,0.07946412663521438
52,104,0.207993745803833,-0.010978680252136518,0.017873384458153164,0.7914647818325059,0.32380541372072785,0.08355747175740143
53,106,0.2119922637939453,-0.011408270750978236,0.01837830586074041,0.7914019219844084,0.32366643542351586,0.08044417505152524
54,108,0.21599197387695312,-0.011849005253913837,0.018891454127253675,0.791333848265028,0.32347697949293874,0.0817955035338949
55,110,0.21999478340148926,-0.012301451845462292,0.019413431974006877,0.7912612492156295,0.32333539355674695,0.07678111192593672
56,112,0.22405362129211426,-0.012765213348503134,0.01994194845997516,0.791184385007441,0.3231841757540302,0.07977101323596233
57,114,0.22799205780029297,-0.013238727922526254,0.020477905683356914,0.7911007098527185,0.3229779089190837,0.08451054974635742
58,116,0.23200702667236328,-0.013722201268115476,0.02102116738257877,0.7910134373707914,0.32279086560974346,0.08117176410501245
59,118,0.2359931468963623,-0.014216042500603626,0.021568726438884814,0.7909234034727267,0.32263646799878315,0.07763837568526125
60,120,0.23999357223510742,-0.014890901923477614,0.02204459756056475,0.6848250482571799,0.3224960241209844,0.07651745133776346
61,122,0.24407291412353516,-0.015416634573485043,0.02259719975373244,0.6827582870174135,0.3223577090860184,0.07413725493523966
62,124,0.24799823760986328,-0.015952469707022295,0.023148261629501194,0.6807005654254401,0.3221422243734886,0.08068477996958195
63,126,0.2519972324371338,-0.01649894708599607,0.02369786129511591,0.678647866223717,0.32197569387940816,0.07390070855838311
64,128,0.2559938430786133,-0.017058689174198553,0.024248953607719483,0.6765881056296411,0.32179564735370464,0.07268146196468572
65,130,0.2599973678588867,-0.017632018982262954,0.02480233379741738,0.6745215191991595,0.3216285722747702,0.07473286983540989
66,132,0.26400256156921387,-0.018214352947113786,0.025357124933079123,0.672461803966388,0.3214315745883204,0.07577827484106067
67,134,0.26799821853637695,-0.018811649188757055,0.0259094404424025,0.6237605669492469,0.321214035378191,0.07402113450948021
68,136,0.27199721336364746,-0.019409281093139708,0.02646878555939062,0.6209077306028077,0.32103639869982825,0.08006242949692212
69,138,0.27599668502807617,-0.020025817880507342,0.02704112544515351,0.6180156330855323,0.3208755300027029,0.07901607582281375
70,140,0.2800147533416748,-0.02064521308232841,0.027600131755978027,0.5946935429181266,0.320685419141604,0.07878564521750628
71,142,0.28400087356567383,-0.02128161415914395,0.0281859171837851,0.5914288437802914,0.3205227508562906,0.07851473835361159
72,144,0.28800320625305176,-0.021935396383118148,0.028772936701791898,0.5722322759330511,0.3203111967585724,0.07937240744298645
73,146,0.29201555252075195,-0.0225741928637987,0.029341756104507066,0.564475953465927,0.32014173670703994,0.07541450960882778
74,148,0.2960176467895508,-0.0232417427052021,0.029925663458619686,0.5561143004442768,0.3199583856099895,0.07778710512653121
75,150,0.299999475479126,-0.023917661363783326,0.030511270424055548,0.5504740635131742,0.31979349332636803,0.07555334375577112
76,152,0.30400633811950684,-0.02460462843647789,0.031088018334506574,0.5465887180243262,0.31962841858380825,0.0838471509090721
77,154,0.3080894947052002,-0.025294935988689704,0.03166436434549804,0.5439428276834096,0.31942066193783075,0.08055169140149293
78,156,0.31200718879699707,-0.025998538919537247,0.03223475080257353,0.542227720731412,0.31921562980378754,0.08143582468418854
79,158,0.31599926948547363,-0.026691169616235754,0.03278702853546772,0.5410675458599925,0.3190200854000507,0.08354575715653983
80,160,0.32001566886901855,-0.027405806001302317,0.03330002798989354,0.5403597576974924,0.3188341814093292,0.08619081827506808
81,162,0.32401299476623535,-0.028092520190018448,0.03378964580991039,0.539751248340354,0.31857470506481056,0.09152917541435053
82,164,0.3280017375946045,-0.028803331664855776,0.034233994377124925,0.5393131270817538,0.3183260586791158,0.09162079770487316
83,166,0.3320326805114746,-0.029467528500099267,0.03466945741644195,0.5393414425182809,0.31811177460195755,0.09002239521239595
84,168,0.33600401878356934,-0.03012458303778107,0.03493983146093428,0.5397114191676449,0.3179155673594856,0.08526190274378992
85,170,0.34000706672668457,-0.030769642708156842,0.03515169963025028,0.5400059642820441,0.3177314059254874,0.08644492484243779
86,172,0.3440093994140625,-0.03125954175735086,0.035260614573543014,0.5405179928241554,0.31747636919166766,0.08588749842200397
87,174,0.34801816940307617,-0.03188959548456881,0.03526558139700247,0.5410940703811793,0.31728100141807425,0.08826753702255544
88,176,0.35209059715270996,-0.032266890858752895,0.035148372981879145,0.5417212152045301,0.31709853234773117,0.08674782767574753
89,178,0.35601043701171875,-0.03286487243720113,0.03477260358449453,0.5423088114909541,0.31692180429496963,0.08628160327448156
90,180,0.36000871658325195,-0.03319691937210315,0.03447870226871163,0.5428589640100132,0.3167417140472841,0.09212505491450429
91,182,0.3640100955963135,-0.03373644176989488,0.03409451133396753,0.5434285509422542,0.3165310304772494,0.09584904140551928
92,184,0.3680546283721924,-0.0341036611501386,0.03368357634391532,0.5440328084602813,0.3163855807747339,0.10084800198192484
93,186,0.37210798263549805,-0.03468239715366674,0.03310414674403288,0.5446042414216685,0.3162161911163351,0.1026595327039731
94,188,0.3760101795196533,-0.03502245944245476,0.03269342281761423,0.5451544253520608,0.31599763218827287,0.09608224310896135
95,190,0.37999892234802246,-0.03541795611446794,0.032414112805822605,0.5456984982238546,0.31573303438851547,0.10211258668629132
96,192,0.3839991092681885,-0.0358773436231126,0.032098767169728856,0.5462353727948355,0.3154253014283062,0.10663186836634474
97,194,0.38800525665283203,-0.03656515932494575,0.03172716874758227,0.5467532268546978,0.3151828105930753,0.10440729068319217
98,196,0.39200496673583984,-0.037111946347626844,0.031367037240825915,0.5472470032743465,0.3149402362699942,0.10491214554499963
99,198,0.39600515365600586,-0.03742478153594254,0.03120767960217126,0.5477271778672904,0.3146677043244789,0.1013909719988768
100,200,0.4000129699707031,-0.03795742395307559,0.030935373340167036,0.5482074346749126,0.3143915867168007,0.09754391420825288
101,202,0.4040036201477051,-0.03870073178773745,0.030625950416519405,0.5486374993107336,0.31416639824325604,0.09226110275304908
102,204,0.40801382064819336,-0.039357981917086685,0.030346659334713488,0.5490241974599139,0.31394601662057164,0.09266870014433717
103,206,0.41201138496398926,-0.03980931845399645,0.030182247281596217,0.5493966235595759,0.31367859406725923,0.09558102111572978
104,208,0.416079044342041,-0.04036503863558667,0.029920355715661824,0.5497434124016221,0.3134403024350518,0.09749692338438512
105,210,0.4199988842010498,-0.04096564334895713,0.029615735576532562,0.550055875291728,0.3131347680464387,0.0985283653155483
106,212,0.42401742935180664,-0.04180109094685725,0.029212723818468008,0.5503334508313735,0.3129218150058697,0.09873783890286396
107,214,0.42801904678344727,-0.042421110357799496,0.028804273465785873,0.5505751982572548,0.31265381915526913,0.10179955719424219
108,216,0.4320240020751953,-0.04281159291873813,0.02858871435081868,0.5508131031294862,0.31247331058317473,0.10264084764338773
109,218,0.4360034465789795,-0.04353908984426258,0.028324768984568267,0.5510062427749904,0.31218772194476735,0.10675338351023222
110,220,0.44001173973083496,-0.044256945848818036,0.028117447348811535,0.5511901231265545,0.3119140193749476,0.10535398453217128
111,222,0.4440183639526367,-0.04497389835194662,0.02783448478819216,0.5513483304766946,0.3116461459210078,0.09828562199957026
112,224,0.4480102062225342,-0.04552567752328025,0.02770637424284471,0.5515118178254449,0.3113770687647549,0.10770809085204683
113,226,0.4520134925842285,-0.04616273516995247,0.027479341984490865,0.5516625438647348,0.3111408680420497,0.10116747662360812
114,228,0.45601582527160645,-0.04705536782969559,0.027869070188815775,0.5518180553557586,0.31091600096712274,0.10243488701285217
115,230,0.4600393772125244,-0.04798548515585669,0.028277937630531103,0.5519791278734594,0.31059344252571464,0.10612067790974959
116,232,0.4640157222747803,-0.04887714461700747,0.028672311029122242,0.5521344550066571,0.31037028723974425,0.10640010432789809
117,234,0.46802449226379395,-0.04979218346332891,0.02908108571045911,0.5522942348972794,0.31014175076390904,0.10738869623987582
118,236,0.4720168113708496,-0.05072134887746808,0.0295008385369172,0.5524561443284951,0.3099118781452677,0.10241045323923102
119,238,0.47600269317626953,-0.0516529870062596,0.029925859850809495,0.5526187233334033,0.3095493442940943,0.10461725144454374
120,240,0.4801054000854492,-0.05259454140342393,0.030355832590605005,0.5527819028734692,0.3093093437833133,0.10284549007111968
121,242,0.4840104579925537,-0.05354192473081657,0.030791025234887262,0.5529436088201878,0.30907606367214485,0.10142761783208698
122,244,0.48799967765808105,-0.05449873388461605,0.031225768649276172,0.5531077299308078,0.30885369123505624,0.10484351094908498
123,246,0.49200940132141113,-0.055466507369165696,0.03166401216148179,0.5532712594893854,0.3085629674626097,0.10483435194152568
124,248,0.4960048198699951,-0.05643851646959409,0.032103802743889506,0.5534306960338597,0.308287013522831,0.11162442251124643
125,250,0.500110387802124,-0.05741799114246639,0.032547249932911526,0.5535926381312114,0.3079630080048509,0.11229776908193939
126,252,0.504009485244751,-0.05840385104771721,0.033000841256509754,0.5537523485642907,0.30771640422432844,0.1164349142285385
127,254,0.5080327987670898,-0.05939228408712352,0.03346019430205705,0.5539127253572201,0.30742413454271594,0.11255372512346969
128,256,0.5119950771331787,-0.060396270856686925,0.033930245704319635,0.5540783279210656,0.3071502057739116,0.11321575949691108
129,258,0.5160081386566162,-0.06139245269559082,0.03439926583950296,0.5542472681147618,0.3067979850035546,0.1214053188530921
130,260,0.5200107097625732,-0.06240236134177155,0.03487729232228251,0.554420980608239,0.30651689810549904,0.1243572898995902
131,262,0.5240006446838379,-0.06344123417606766,0.03537061969544056,0.5545990272359985,0.30620538204073394,0.12572622802991676
132,264,0.5280532836914062,-0.06445228291042153,0.03585473347067107,0.5547677338431289,0.30596289208865374,0.12886399577034574
133,266,0.5320079326629639,-0.06549394640782025,0.03635019924596922,0.5549429011849589,0.30572468577081274,0.12844541525982064
134,268,0.5360085964202881,-0.06655459456078384,0.03685179453610005,0.5551258256085594,0.30537051630631923,0.1312401393018984
135,270,0.5400052070617676,-0.06761977953632992,0.037354778029961455,0.5553195519814204,0.30505593030328126,0.11989465620818324
136,272,0.5440161228179932,-0.06872068257953168,0.037873222364313286,0.5555241454890966,0.30472149294279194,0.10783762336660434
137,274,0.5480203628540039,-0.06977957592580689,0.038365856879709934,0.555717226341092,0.3044480857086079,0.11594215463766636
138,276,0.552016019821167,-0.07087086158871572,0.038850575991413325,0.5559167168474866,0.3041948155652539,0.11821265109605959
139,278,0.5560190677642822,-0.07199099503129537,0.03932996982694486,0.5561228921918492,0.3038542737566127,0.10827465545273675
140,280,0.5600099563598633,-0.0731156763732949,0.039808813664583456,0.5563328337507552,0.30349931380599093,0.11840344947794902
141,282,0.5640120506286621,-0.07427453175457763,0.04030606221932641,0.5565557368441227,0.3031676017402286,0.12492504586658344
142,284,0.5680017471313477,-0.07538680694116562,0.04078835106866932,0.5567743642114807,0.30285709386426507,0.12437450650132037
143,286,0.5720114707946777,-0.07652886204301923,0.041296000215143736,0.5570025233512785,0.30247860317367353,0.12855268886377072
144,288,0.5760085582733154,-0.07766829344939044,0.04181553420553048,0.5572360073762465,0.3020903666098281,0.14068434653996392
145,290,0.5800094604492188,-0.0788129375621234,0.04235284857607047,0.5574736614273701,0.3017519535717619,0.14016585603179732
146,292,0.584122896194458,-0.07995566738170937,0.042901237719963264,0.5577103683863619,0.301424299988992,0.14650390344142014
147,294,0.5880110263824463,-0.08110343849982679,0.04346317232488239,0.5579514371716852,0.3010762164927216,0.14070153231170543
148,296,0.5920045375823975,-0.08225130067555157,0.04403176543195734,0.5581941034628395,0.3006022193445021,0.12849543207517727
149,298,0.5960290431976318,-0.08341770192044752,0.04459706788209172,0.5584373118964664,0.30024423741470574,0.13303006016488733
150,300,0.6000044345855713,-0.08458824035762821,0.04514580656186403,0.5586754586115077,0.29988450714756315,0.13546882741602845
151,302,0.6040010452270508,-0.08578497383665597,0.04569079095160562,0.5589065844674095,0.29955588039291764,0.1393162883448832
152,304,0.6080162525177002,-0.08702497752682786,0.046234626445128844,0.5591390316073616,0.29918342858255875,0.14252873658652193
153,306,0.61199951171875,-0.0882223825248423,0.04674830443386407,0.5593665611770774,0.29880241792376055,0.1429838895605042
154,308,0.6160159111022949,-0.08944724005319342,0.04727669903049593,0.5596041989937134,0.29847444341204865,0.14959819741338362
155,310,0.620018482208252,-0.09067368944818031,0.04781994030856618,0.5598483182517089,0.2980964768714079,0.1464626444343092
156,312,0.6240134239196777,-0.09189208470097737,0.04837389834152122,0.5600975589422477,0.29765771335424407,0.14628970059004195
157,314,0.6280193328857422,-0.09313536044572958,0.048955407474190034,0.5603583408956787,0.29729395376614715,0.14235641415921393
158,316,0.6320006847381592,-0.09431171761359841,0.0495231474260068,0.5606093102839933,0.29686601553312986,0.14726718192406255
159,318,0.6360116004943848,-0.09551101141672057,0.05012039870675122,0.5608696303092365,0.2964824331635288,0.1544120541155531
160,320,0.6400134563446045,-0.09671345136940857,0.050732899849395746,0.5611277570148306,0.2960733609727648,0.14424439685033827
161,322,0.6440129280090332,-0.09791668733170869,0.051347226323057424,0.5613802917728149,0.29569964972726104,0.13909729590221984
162,324,0.6481175422668457,-0.09912844082718662,0.051954874393469824,0.5616276300326061,0.2952943772181933,0.13901043102819602
163,326,0.6520209312438965,-0.10035829133610867,0.052556784521860585,0.5618746595301438,0.29505014437419397,0.1301979055499722
164,328,0.6560344696044922,-0.10159464230272,0.05315526235268277,0.5621266851348696,0.2947612864904684,0.1313842333259125
165,330,0.6600184440612793,-0.10283214933290176,0.05376079424741707,0.562390191479857,0.2944620196739661,0.1418798438168998
166,332,0.6640498638153076,-0.1040510508651822,0.05437641099861787,0.5626638972455666,0.2941007098556368,0.13882988597394835
167,334,0.6679975986480713,-0.105266777167194,0.05501102719760091,0.5629417739438676,0.29371558769871,0.13902026453810135
168,336,0.6720125675201416,-0.10651146835329214,0.055671949429769586,0.5632248866369364,0.29324139839094454,0.13653379592418285
169,338,0.676008939743042,-0.10765562308838991,0.056168258167278086,0.5582419864430275,0.29287502251099795,0.13660286768773122
170,340,0.6800122261047363,-0.10887288842080509,0.05683395057041963,0.5584002448457634,0.2925344380160697,0.12376433246817183
171,342,0.6840159893035889,-0.110089064740107,0.05750046483789544,0.5585518500067991,0.2922159712641211,0.12368564532491667
172,344,0.6880064010620117,-0.11131289306388895,0.058161310660162245,0.5587033732432923,0.29177051169821866,0.1438262911979109
173,346,0.6920804977416992,-0.11254361383926934,0.05882624400581233,0.558858472642546,0.2913976325874281,0.14489980611612957
174,348,0.6960046291351318,-0.11377159743261944,0.059500791181869565,0.5590203656475137,0.2911118108935751,0.15257051899419005
175,350,0.7000014781951904,-0.11499444911392429,0.060192250942146516,0.5591907346966561,0.29083705201929694,0.15721948556441429
176,352,0.7039978504180908,-0.11620771829729418,0.060897291887703736,0.5593671813669029,0.2904881840583804,0.15251811937396897
177,354,0.7080099582672119,-0.1174192470602805,0.06161530555723557,0.5595503528081601,0.290074893608609,0.1547951338499592
178,356,0.7120013236999512,-0.11862887947880217,0.06234388296427202,0.5597393528075881,0.2897829656501236,0.150914243976425
179,358,0.7160298824310303,-0.11986272423676557,0.06309391682950406,0.5599322662270675,0.28950803328690855,0.14548833663013347
180,360,0.7200014591217041,-0.12106323706307831,0.06382284976199386,0.560114139038757,0.28918268560263294,0.13870128339702456
181,362,0.7240207195281982,-0.12229261210377951,0.06455467039070435,0.5602936817633077,0.2888202064104603,0.13026446280278395
182,364,0.7280251979827881,-0.12352174591450434,0.06523898496830277,0.5599424111051045,0.2885966818008957,0.12688577992857658
183,366,0.7320241928100586,-0.12453111680075116,0.06542723109383046,0.5599840307515942,0.2883384857278574,0.14504309820316347
184,368,0.7360103130340576,-0.12578790217833075,0.06620495351151702,0.56014378518498,0.2879884213205138,0.14098809437489074
185,370,0.7400119304656982,-0.12695218943830042,0.06694601620655521,0.5603126791649798,0.28768898407800186,0.15529411589196915
186,372,0.744016170501709,-0.12813367861913286,0.06773340487160452,0.5604705582090731,0.2873370980197596,0.15608798120379577
187,374,0.7479996681213379,-0.12930661334576968,0.0685482705101034,0.560629407147419,0.2871002537451267,0.1469168834797717
188,376,0.7519967555999756,-0.13047275287476043,0.06936459595873648,0.5607656054232778,0.2867823011414469,0.15687150548308573
189,378,0.7560992240905762,-0.13163743677140233,0.07020810699370046,0.5609124197029477,0.28652360626488343,0.15246893019126406
190,380,0.7600011825561523,-0.13280901949327376,0.0710616249979738,0.5610511746731927,0.28622185987227694,0.1456675384121401
191,382,0.7640089988708496,-0.1339756873479854,0.07190079842404895,0.5611849278873604,0.2859074155025281,0.15353088271563295
192,384,0.768010139465332,-0.13515371017482544,0.07273421413070431,0.5613213699769141,0.28564172036391844,0.15138089501877025
193,386,0.7720096111297607,-0.13632322428917537,0.07353861783150864,0.5615016721522265,0.2853050025436899,0.15749592535952428
194,388,0.7760097980499268,-0.1374895268189075,0.07435488709528337,0.561736740040535,0.28496076498814893,0.1592003264914042
195,390,0.7800190448760986,-0.1379336050143369,0.07336607136139797,0.5619668851830045,0.2845366646852826,0.16062175127645506
196,392,0.7840168476104736,-0.13907102149385486,0.07416356556458566,0.5621331821053553,0.28418736033551073,0.15187423479550616
197,394,0.7880170345306396,-0.13992341722738577,0.0744984452136541,0.5623686178500297,0.2838377785158408,0.147383134242083
198,396,0.7920050621032715,-0.1410699764705318,0.07530558883912535,0.5625396556584337,0.2835239227198803,0.1467825355136703
199,398,0.7960150241851807,-0.14220369240002168,0.07611491504550359,0.5627073599992343,0.28323167744333505,0.1412159072612573
200,400,0.800004243850708,-0.14335768271414465,0.07694675071701043,0.5628768350592245,0.282960433599234,0.13162808113827787
201,402,0.8039906024932861,-0.14445218358669257,0.07773537446747847,0.5630346843731872,0.28254785626155227,0.13353201864560232
202,404,0.8079898357391357,-0.14556910938242346,0.07854896445067697,0.5631966445250044,0.28221353335940313,0.14023230185908875
203,406,0.8120026588439941,-0.14668239035009856,0.07937716835528201,0.5633641964162077,0.2819139099928775,0.14101154732935386
204,408,0.8159992694854736,-0.14778049518718783,0.0802165769630502,0.5635318553163337,0.2815901809111077,0.145063582803765
205,410,0.8201038837432861,-0.14886392565558304,0.08105835350870026,0.5636936283262339,0.2811629527995106,0.13191456393065765
206,412,0.8240010738372803,-0.1499082348612115,0.08185877601807111,0.5640705823477332,0.2808126542729261,0.13696154139550595
207,414,0.8279962539672852,-0.15096766329932237,0.08270731228837636,0.5643416955313068,0.28048102678088793,0.14697037198869833
208,416,0.8320143222808838,-0.15201745796259733,0.08357014709191535,0.56457588167876,0.28013303010234736,0.1446335294187583
209,418,0.8360092639923096,-0.15306234399331844,0.08446113523285649,0.5647567504855208,0.2797725283809745,0.1445775652095547
210,420,0.8399910926818848,-0.15408850497215315,0.08537126716182059,0.5649344400802667,0.27938885612670206,0.14233349217904795
211,422,0.8440053462982178,-0.15511970870877886,0.08631477043250194,0.5651142552440085,0.2790999520120436,0.1437019912871243
212,424,0.8480141162872314,-0.15609634945292167,0.08723065490664617,0.5652852369599656,0.2787825924280132,0.14054050921574876
213,426,0.8520045280456543,-0.15708050988980513,0.08816996877925981,0.5654513825212085,0.2784770756381853,0.12629533590395645
214,428,0.8559980392456055,-0.1580700908397023,0.08911006960634872,0.5656135665542056,0.27808175102309807,0.12765381665868236
215,430,0.8600149154663086,-0.15906628723250524,0.090045018310065,0.5657742439871809,0.2777803264807203,0.12445575794895533
216,432,0.8640139102935791,-0.16008026603247605,0.09099935890279938,0.5659402733283307,0.2774042294396826,0.13014809818585113
217,434,0.8680019378662109,-0.1610360869301122,0.09192363445472986,0.5661018447344733,0.2770710386263592,0.12316747230943292
218,436,0.8720216751098633,-0.16199445113843386,0.0928818467761807,0.5662703885639273,0.2767327809746474,0.12656543584508373
219,438,0.8760082721710205,-0.16294181445638217,0.09386316049830942,0.5664396998206993,0.27639479524504135,0.13475047208966912
220,440,0.8800163269042969,-0.16387784501502536,0.0948711983674606,0.5666048296940437,0.2759355806689388,0.13938523731836727
221,442,0.8840057849884033,-0.16481503426341923,0.09592166384623488,0.5667682471962462,0.27557695752154265,0.14623411935914693
222,444,0.8880031108856201,-0.16569521276155438,0.09695115193362899,0.5669198943433449,0.27522628335282207,0.14723534004136535
223,446,0.892012357711792,-0.16658984986718212,0.09802859952242451,0.5670664129475427,0.2748912953217674,0.1520047036946976
224,448,0.8980083465576172,-0.16792371596577457,0.09964760203657688,0.5672784594537335,0.2743282579648276,0.14235682218287396
225,450,0.9020047187805176,-0.1688339784186687,0.10072912110700728,0.5674075710505482,0.27405317466312634,0.1348459264865659
226,452,0.9060287475585938,-0.16975949596262427,0.10181612258026697,0.5675353865804837,0.27376992591448,0.13594384328462183
227,454,0.9140198230743408,-0.17109836980169077,0.10339868152078822,0.5677160793684184,0.2738962930041076,0.26861426899819796
228,456,0.9179933071136475,-0.1724329845460636,0.10498539827208471,0.5679022035956306,0.27482997863714037,0.2421790013202177
229,458,0.9220402240753174,-0.17330986049998157,0.10602878491235876,0.5680013246357675,0.2749771417805058,0.10065650224589326
230,460,0.9260871410369873,-0.17422323499676343,0.10684883357355096,0.5671625544578853,0.27529250999816274,0.13321716005207393
231,462,0.9299752712249756,-0.17521937490607767,0.10788821588146597,0.5670791215112388,0.2755118700322406,0.10201217591409283
232,464,0.9340040683746338,-0.1761727890506004,0.10890379488880098,0.5669433112899636,0.2757733759654943,0.09598184912465513
233,466,0.9379713535308838,-0.17713880306287233,0.1099044249050224,0.5667619292776815,0.27602609977977155,0.09609326071523387
234,468,0.9419982433319092,-0.17811368799090677,0.1108776498937474,0.5665334191065458,0.27631649843433165,0.1074405419439527
235,470,0.9460031986236572,-0.1791002450485168,0.11183690316401536,0.5662534649224483,0.2765510567375619,0.11731983403321998
236,472,0.9499742984771729,-0.18009161215377323,0.11279621544677589,0.5659135804321899,0.27678485496716315,0.11299800882437105
237,474,0.9540145397186279,-0.1810658091910763,0.11374082541339627,0.5655241924078072,0.2770063376098325,0.10988336526146479
238,476,0.9579682350158691,-0.18204877154211754,0.11468523431178043,0.5650747360446877,0.27727176026031697,0.11425763063518138
239,478,0.962010383605957,-0.1830411086383154,0.11562773885453621,0.5645752418055241,0.27753102940964863,0.1175042465650316
240,480,0.9660084247589111,-0.18405431992019422,0.11657558305173683,0.5640253294100753,0.27775449095623056,0.13953341233367422
241,482,0.9700071811676025,-0.18510456212120452,0.11754678583569206,0.563419484613805,0.2780314768957584,0.14804844799901135
242,484,0.9740116596221924,-0.18611519958791803,0.11847483710625693,0.5628137015455003,0.27825894256740613,0.15097312788189998
243,486,0.9780137538909912,-0.1871652117409655,0.11944040845520544,0.5621668400488083,0.27852227071958496,0.1538644997033708
244,488,0.9820148944854736,-0.18820785471192691,0.12041172857544985,0.5615046376599278,0.2788264079858421,0.17911392643020072
245,490,0.9860186576843262,-0.18925189900278988,0.12140009300372102,0.5608179082252004,0.2791609493513784,0.19406584082251607
246,492,0.9900960922241211,-0.19028588808041408,0.12237662432108423,0.5601251102777322,0.27960785070899874,0.20636030641015105
247,494,0.9940128326416016,-0.19133617454671137,0.12334871927426001,0.5594283371294451,0.28007382009648074,0.21251944715060808
248,496,0.998013973236084,-0.19237446697730212,0.12432903513095896,0.5587324852971001,0.28049352096498076,0.21631907659647023
249,498,1.0020098686218262,-0.19338111657742968,0.12530757564743103,0.5580488729617668,0.2809214342068399,0.21711038169451058
250,500,1.0060138702392578,-0.1943716634901522,0.1263046633150167,0.55736622766279,0.2814210851211101,0.21123345661908388
251,502,1.0120882987976074,-0.1957988067604023,0.1278123575186412,0.55636540707714,0.28221337045823897,0.21615912597465875
252,504,1.0160059928894043,-0.19671702894400786,0.12884333319874866,0.555701162849062,0.28261099385442856,0.21678810913902546
253,506,1.0200152397155762,-0.19759225593897778,0.1298753512066452,0.5550481633564013,0.2830007049327331,0.2098488359920809
254,508,1.0240199565887451,-0.19844280880561002,0.13092483240587277,0.5543916798727878,0.2834754230851982,0.20578170703434995
255,510,1.027998924255371,-0.19925756137122658,0.1319775434719547,0.5537381401622129,0.28398421266043944,0.20656817011808143
256,512,1.0320050716400146,-0.20004024869016673,0.13304795301086594,0.5530827172947155,0.2843045150812972,0.19998001135837543
257,514,1.0360119342803955,-0.20079824288339868,0.13414423140441198,0.5524249508127029,0.2846342223206663,0.20059511952648132
258,516,1.0400032997131348,-0.20149506370183914,0.13521668413117,0.5517946984538824,0.2850877403879763,0.21405210651071935
259,518,1.0440146923065186,-0.202172787627255,0.13632146080611252,0.5511519005239803,0.2854801702999574,0.2114402266813378
260,520,1.0480015277862549,-0.20280693061077154,0.13744220485493341,0.5505187703639982,0.28595239098448755,0.19005652482557142
261,522,1.0520076751708984,-0.20339791425238113,0.13858810093213889,0.5498893756997357,0.2862891992393496,0.18643040429592003
262,524,1.0560200214385986,-0.2039619094748456,0.13977582908718528,0.5492554134499146,0.28675508859029425,0.18896574903970006
263,526,1.059997320175171,-0.20446516141570195,0.14092209869129443,0.5486600254557987,0.2871971514080009,0.18372083825846042
264,528,1.0640010833740234,-0.20495630451200228,0.14211456520844953,0.5480531681604477,0.28756224699438837,0.181279380613103
265,530,1.0680007934570312,-0.2054196260892547,0.14331517342174155,0.5474627081930363,0.2879928767275675,0.17766739290753572
266,532,1.0720062255859375,-0.20585538302627124,0.14452635443752673,0.5468869776148502,0.2884182404116567,0.17596315836196702
267,534,1.0761113166809082,-0.20626273563957565,0.1457453153789143,0.5463312905936956,0.28877355410428396,0.1703293086150019
268,536,1.0800137519836426,-0.2066424798504883,0.14697064733723428,0.5457938593209539,0.28917608333045036,0.17428400455412038
269,538,1.0840187072753906,-0.2069924818857967,0.1482014388662659,0.5452785217869014,0.2895252507938682,0.17358898446927296
270,540,1.0880026817321777,-0.20731351986439517,0.14944560688021974,0.5447828519984049,0.2899791766299288,0.17127438460412467
271,542,1.0920119285583496,-0.20760845124857374,0.15069084304927827,0.5443137018123007,0.29033389821616484,0.1734233393478368
272,544,1.0959806442260742,-0.20787954511935303,0.1519435021828503,0.5438727385624285,0.2907342569970783,0.17230164886307742
273,546,1.1000146865844727,-0.2081343755646912,0.15323910059841023,0.5434557966548668,0.29098636106636117,0.17340156332798431
274,548,1.1040029525756836,-0.2083575911671667,0.15449391422531128,0.5430873346257552,0.29131364937799437,0.1632867865344702
275,550,1.1080107688903809,-0.20856221305668024,0.15577297258947967,0.5427379077360558,0.29167252351883155,0.1620551413647702
276,552,1.111992359161377,-0.20874876447394541,0.1570603122865092,0.5424103028730498,0.29197920507205455,0.15443877342703013
277,554,1.1160173416137695,-0.2089180368111899,0.15835580040472041,0.5420989647983528,0.2922109671996842,0.1508865665267061
278,556,1.1200981140136719,-0.2090685093825861,0.1596511512656636,0.5418022808457225,0.2924866826466188,0.1525087484985526
279,558,1.1240084171295166,-0.20919974164606253,0.16095423996390706,0.5415199430415074,0.2926381432415179,0.14407100620808017
280,560,1.1280086040496826,-0.20931200779408948,0.1622678479297784,0.5412502476271469,0.29294054273612286,0.14110329505939292
281,562,1.1319928169250488,-0.20940605144226557,0.16358105524627556,0.5409930906217936,0.2931049692440489,0.1445007810634079
282,564,1.1359951496124268,-0.209485989057031,0.1649050735375929,0.5407433762605507,0.29318427245518,0.15248051913182153
283,566,1.1399929523468018,-0.20955175894934086,0.16624309854051048,0.5404983791280916,0.2932922838091176,0.14717673572535017
284,568,1.1440129280090332,-0.20960334511326023,0.16762723137128768,0.5402507651708105,0.2934776338616161,0.14596674601338674
285,570,1.148019790649414,-0.20963842692061763,0.1689231940577243,0.5400212776574975,0.29358105450579575,0.14133927303944424
286,572,1.1520192623138428,-0.20966139368912382,0.1702784245614671,0.5397852923079882,0.2937229480995829,0.1432719484276684
287,574,1.155993938446045,-0.20966913954179267,0.1716186258395223,0.539554594577688,0.2938573412428578,0.1399105241811224
288,576,1.1599977016448975,-0.20966334781221713,0.17297454598346204,0.5393203364889978,0.29399754640301046,0.14117618435030355
289,578,1.1640660762786865,-0.20964425540600176,0.17432776848356415,0.5390845309247426,0.29426262665194747,0.14268353808237688
290,580,1.1679942607879639,-0.20961693740235246,0.17568290494592168,0.5388484278678582,0.29458014261587684,0.14045975548375783
291,582,1.1720013618469238,-0.2095795678239377,0.1770373087173859,0.5386129099073892,0.29488384222073866,0.1416866778845674
292,584,1.175997257232666,-0.20953468674494702,0.1783881961445015,0.5383781581488928,0.29523922165390104,0.1391652408216534
293,586,1.1800110340118408,-0.2094808652716334,0.17974332475467164,0.5381448814426507,0.29539695646662006,0.10982410823284038
294,588,1.1840996742248535,-0.20941675004718943,0.18110171627150604,0.5379177111977756,0.29565446036827653,0.11147124852567654
295,590,1.188014030456543,-0.2093451901021141,0.18246197580510712,0.5377024791348278,0.2958716389157103,0.11251484759248279
296,592,1.1920113563537598,-0.20926916833396061,0.1838177928580041,0.5375020345112065,0.29610449243898923,0.10796050119197703
297,594,1.1959993839263916,-0.20919182017004537,0.18517146353591177,0.5373172677534185,0.29626467552413394,0.09502733343858914
298,596,1.2000110149383545,-0.20911478360609168,0.18652976102500535,0.537154538315027,0.29633884769181945,0.1077781646303704
299,598,1.2041125297546387,-0.20904283726430806,0.18790058617948918,0.5370168314681751,0.2963612076870551,0.10973099572182601
300,600,1.2080090045928955,-0.20897782269563064,0.18925772978265745,0.5369127673629233,0.29641687897122304,0.11101701111178484
301,602,1.2120311260223389,-0.20892235711536994,0.1906185811441838,0.5368404193111863,0.2964163948601144,0.11736592690356011
302,604,1.2160134315490723,-0.2088799319715012,0.1919804524031441,0.5367965790179197,0.2964449318101758,0.11559581082888301
303,606,1.2200102806091309,-0.20885314573618116,0.19334323547393958,0.5367794447662918,0.2964672513330227,0.11990652434479702
304,608,1.224013090133667,-0.20884224518221864,0.19469710823759534,0.5367844050717611,0.29650348987920083,0.1128753593185483
305,610,1.228003978729248,-0.20884818788870718,0.1960848557200289,0.5368098040161536,0.2964970460663357,0.11658753093797714
306,612,1.2320148944854736,-0.2088691391703579,0.1974007028275118,0.53685052236274,0.2965697729177291,0.12144659196652857
307,614,1.2360131740570068,-0.20890685659304223,0.19874798353147471,0.5369051944274039,0.2967913387953464,0.11722769222928789
308,616,1.2400097846984863,-0.20895811529576436,0.20008557776748884,0.5369700447053026,0.2969209852122605,0.11318684173426752
309,618,1.244006633758545,-0.20902660353822114,0.20144592902723663,0.5370391828211166,0.29694305832802864,0.08797821383055195
310,620,1.2480580806732178,-0.20910863270038996,0.20279878039011978,0.5371088969833985,0.29699582918466805,0.0898077438047541
311,622,1.251997470855713,-0.209203739986525,0.20416427406945412,0.5371769263024908,0.2970230775134606,0.08098014722907401
312,624,1.2560081481933594,-0.20931464175252132,0.20553059992919417,0.5372380649706903,0.29707497634306745,0.08324685661876895
313,626,1.2600266933441162,-0.20944073870134486,0.206908443807742,0.5372858704892988,0.2971129023012352,0.0807654162314881
314,628,1.2640109062194824,-0.20958320688855922,0.2082724355638794,0.5373172091829019,0.2971520544961095,0.08088577292450093
315,630,1.268068552017212,-0.20974526213193342,0.2096680466453332,0.5373320668723154,0.2971847087590441,0.08172711257116291
316,632,1.272010326385498,-0.20992241679849963,0.21105932174751893,0.5373258603654286,0.2972158730202676,0.07741169055626759
317,634,1.2760024070739746,-0.21011532533505423,0.21245852171513688,0.5372990421841496,0.29728927698532315,0.0775638136386486
318,636,1.2800018787384033,-0.21032513955261448,0.21386020004834053,0.5372519253877595,0.29733308761155813,0.08289191969429496
319,638,1.284006118774414,-0.2105539636123386,0.21527143957702244,0.5371866172491591,0.29737557892703675,0.07441994201407992
320,640,1.2881085872650146,-0.21079834291642308,0.216692967733206,0.5371043322673301,0.2974184158856274,0.07668882932369436
321,642,1.2920141220092773,-0.21105865185218428,0.21812146067186253,0.5370070558673614,0.2974835733284949,0.08012321711806901
322,644,1.2960057258605957,-0.21133514505178008,0.2195596564490454,0.5368971660142381,0.2975465580941467,0.077335870882711
323,646,1.299999713897705,-0.21162719981954442,0.2209974691390327,0.5367797621022796,0.2976080474688607,0.07654256938458902
324,648,1.3040046691894531,-0.21193857389475093,0.2224528826783072,0.5366545106459799,0.2976532087235808,0.08007895836108846
325,650,1.3080017566680908,-0.212264109413225,0.22390809924803112,0.5365240421343996,0.2977315736894399,0.07615268982320639
326,652,1.3120050430297852,-0.2126161161745224,0.22541136321733607,0.5363848061461026,0.2978059504048674,0.07635898904369116
327,654,1.3160123825073242,-0.21296778038612466,0.22685017592433696,0.5362480255089762,0.2978607487005728,0.07490474040066053
328,656,1.3200178146362305,-0.21334424330115812,0.22832562995195838,0.5361055318258001,0.29790379036747816,0.07625425725840113
329,658,1.3240094184875488,-0.21374154678476495,0.22981373482099354,0.5359583056224372,0.29798664126930563,0.0776339643474283
330,660,1.3280034065246582,-0.2141561569085906,0.23130737369957652,0.5358044719502876,0.29804480951158974,0.07586065294413731
331,662,1.332078456878662,-0.21458833798449345,0.23280546778168523,0.5356423314702025,0.2981159819996563,0.07434463190393531
332,664,1.335996389389038,-0.21504061938366473,0.23431487608035864,0.5354722789026806,0.29816409516959164,0.07708768103751434
333,666,1.3400115966796875,-0.21550915275489768,0.23583010231348925,0.5352941414238742,0.2982475353898641,0.07729702659657803
334,668,1.34401535987854,-0.2159940208729353,0.2373530422902497,0.5351063893503938,0.29830937904851706,0.07707473278800346
335,670,1.3480207920074463,-0.21649323649975935,0.23888149942513728,0.534910711347916,0.2983646095441333,0.07280068634808513
336,672,1.3520874977111816,-0.21700942712765764,0.24041901168010052,0.5347065541073415,0.2984443606973369,0.07494147627510066
337,674,1.3560059070587158,-0.21754438276071236,0.24196414885920348,0.5344944180393454,0.2985177612361691,0.07257323741013634
338,676,1.3599958419799805,-0.21809303353591325,0.24350970701423766,0.5342735458440347,0.29857464470892564,0.07078730735068756
339,678,1.3639967441558838,-0.21865931444131786,0.24506604044182273,0.5340428964495197,0.29861880220866216,0.06840328992232038
340,680,1.368001937866211,-0.21924094731481975,0.24662710295125412,0.5338033628776023,0.29861880220866216,0.06840328992232038
341,682,1.3721160888671875,-0.21983969363419625,0.2481990378610479,0.533552050328384,0.2987598284541083,0.06948680478421136
342,684,1.3760075569152832,-0.2204531757593412,0.24977910049167462,0.5332906609360426,0.2988090448077479,0.06859977946391907
343,686,1.3800101280212402,-0.22107979452870066,0.25136057502719894,0.5330225938673543,0.29885956869211755,0.06617491321782742
344,688,1.3840124607086182,-0.22172625824573572,0.25295556624364235,0.5327475927105437,0.2989219314888409,0.06779921891023244
345,690,1.3880071640014648,-0.2223899233798883,0.2545557702726925,0.5324667377956317,0.2989625011687167,0.06599926882712491
346,692,1.391995906829834,-0.22306803622326207,0.25615777311480387,0.5321802240142719,0.2990276146346928,0.06858695988896592
347,694,1.3960199356079102,-0.2237770540033261,0.257803917376237,0.531884194335461,0.2990818453374608,0.06474609598457202
348,696,1.4000208377838135,-0.22446536094319744,0.25937397442957905,0.531601911941639,0.2991186693904857,0.06408869612980574
349,698,1.4040124416351318,-0.22520127614239221,0.26101467989970545,0.5313104284054088,0.29917824658733827,0.0654747387793734
350,700,1.408015489578247,-0.22594495145576227,0.26264171530591873,0.5310238749905838,0.29923622460096494,0.06648556227546892
351,702,1.4120111465454102,-0.22670262075198816,0.264276639076749,0.5307384448671884,0.29927341677328767,0.06129282984003457
352,704,1.4161076545715332,-0.2274733672352343,0.2659131866588096,0.5304573780371215,0.2993032668400074,0.0645738610940592
353,706,1.4200172424316406,-0.22825714499620933,0.2675588587622347,0.5301779503436292,0.29935319846343444,0.06652730706966771
354,708,1.4240071773529053,-0.22905375252389626,0.2692066982982171,0.5299003853474468,0.2993824036294145,0.0624994881539445
355,710,1.428011417388916,-0.2298666588034722,0.2708654431066758,0.529623367321863,0.2994272281247159,0.061618382247678676
356,712,1.4320149421691895,-0.23069103324783719,0.2725298113747378,0.5293465785485638,0.2994555912205371,0.059633628117996426
357,714,1.4360167980194092,-0.23152420317961542,0.27419783941186693,0.5290668080419959,0.2994863345962146,0.061605383344958055
358,716,1.4400205612182617,-0.23239250135993755,0.27592095078976053,0.528772577523182,0.299517435290658,0.0605775323527833
359,718,1.4440126419067383,-0.23322381656431998,0.2775621456602879,0.5284883337002378,0.29955118447582335,0.06139734170574229
360,720,1.448009967803955,-0.23408037520966082,0.2792380218970623,0.5281925716123226,0.29957897868408856,0.056802317319469976
361,722,1.452019453048706,-0.23496122763552899,0.2809488701746177,0.527885776687072,0.29962849151543824,0.056908940462845156
362,724,1.4560155868530273,-0.2358486165752848,0.2826630360602394,0.5275746182948887,0.2996603027427697,0.05391042150661413
363,726,1.460099697113037,-0.23673799225344033,0.28437525147440407,0.5272612961645996,0.29969461195186936,0.057731954831289276
364,728,1.4640119075775146,-0.23764032425643725,0.2861040998856227,0.5269439022032227,0.2997306199375026,0.05292684172911385
365,730,1.4680097103118896,-0.2385504978138628,0.2878398176226228,0.5266249956083776,0.2997705191293539,0.054999377558927115
366,732,1.472015380859375,-0.23946951450961884,0.2895872184903989,0.5263041829096112,0.2998052378132907,0.05581149469924577
367,734,1.476017713546753,-0.2403929553054266,0.2913397990197503,0.5259838151503156,0.2998249816601887,0.05625764599796545
368,736,1.4801154136657715,-0.24132215204114885,0.2931035359892997,0.5256638110955598,0.2998249816601887,0.05625764599796545
369,738,1.4840104579925537,-0.24226236173848886,0.29488889049083095,0.5253425490030931,0.29992437900991403,0.05110115999484371
370,740,1.4880027770996094,-0.24319006065276624,0.29664961955113645,0.5250290936069192,0.29996585339640974,0.05320159983941643
371,742,1.492013931274414,-0.24412321539623905,0.2984204586635374,0.5247178659690973,0.30000433154355993,0.04985589032454801
372,744,1.4960129261016846,-0.24506965036611064,0.3002174150384307,0.524404959712078,0.30003860833400314,0.05024232734637014
373,746,1.5000123977661133,-0.24601582110041612,0.30201504762660303,0.524096340785792,0.3000762186510938,0.05072952085977484
374,748,1.5040006637573242,-0.24698762259137547,0.3038631746824407,0.5237863218406176,0.3001174646206923,0.04846417340991922
375,750,1.5080132484436035,-0.24791879871921424,0.3056342996887997,0.5234973341440085,0.30014571559952635,0.049572141535965536
376,752,1.5120086669921875,-0.24887695303679241,0.30745750149426976,0.5232083115333925,0.30018260216757914,0.044029467707050254
377,754,1.5160038471221924,-0.24983691278682535,0.30928526004042584,0.5229270333419231,0.3002174006221045,0.048228635515913304
378,756,1.5200073719024658,-0.25080310975386905,0.311125640953094,0.5226526839436847,0.30024470240058343,0.0482679659998494
379,758,1.524068832397461,-0.2517638536839042,0.3129589779980578,0.5223890420528585,0.3002800125666846,0.046183731503270826
380,760,1.5280113220214844,-0.2527427532064134,0.314827468506898,0.5221295890975461,0.3003014625443531,0.047769106900447916
381,762,1.532010793685913,-0.2537148349868769,0.3166867408560661,0.5218797897186074,0.30033887155627,0.04424724124265626
382,764,1.5360116958618164,-0.25469877944351316,0.3185712349193647,0.5216334516369014,0.30037047086155105,0.03958295926387454
383,766,1.5400009155273438,-0.25567716922051115,0.32044716580747884,0.5213939246589386,0.3003964333931498,0.048604757284167514
384,768,1.5440754890441895,-0.2566596734530543,0.322334625503672,0.5211563860051074,0.300436468196808,0.044518275689213245
385,770,1.5480010509490967,-0.2576444481638963,0.3242341848695699,0.5209191132651246,0.3004721405650971,0.043998919082163225
386,772,1.551971197128296,-0.25862704936692305,0.326138393674791,0.5206829977917911,0.30049625481679587,0.049337760017430086
387,774,1.5560030937194824,-0.2596115375064872,0.3280513343494522,0.5204474739063933,0.30051766208509495,0.04272633663515143
388,776,1.5600109100341797,-0.26059630916198245,0.32997655459968067,0.5202084898836484,0.3005479896252429,0.04105488794197425
389,778,1.5640869140625,-0.26158625798937685,0.33192746856896643,0.5199660049874782,0.30058282430099065,0.04508807618122805
390,780,1.568005084991455,-0.2625630044099247,0.3338647123231067,0.5197264151823258,0.30059956593422926,0.03929863333830546
391,782,1.5720016956329346,-0.2635439564790298,0.3358260112039465,0.5194869527740975,0.3006152862076776,0.03690875536593576
392,784,1.5760037899017334,-0.26452330214579123,0.33779830563001845,0.5192480122198883,0.3006374630635476,0.03764448352439072
393,786,1.5799980163574219,-0.26550121113620656,0.33978047454656507,0.5190074720338476,0.3006533334766322,0.03274331863564118
394,788,1.584005355834961,-0.2664748445181946,0.34177158570639066,0.518767270342275,0.30067120122940055,0.038285176725335546
395,790,1.5900123119354248,-0.2679227411564699,0.3447725132069398,0.5184066631896752,0.30068035806119764,0.032368793224530484
396,792,1.5940070152282715,-0.268906426666651,0.3468385333759279,0.5181566505991632,0.30068513506959227,0.033336761403539826
397,794,1.5980031490325928,-0.2698550135595465,0.3488523854298238,0.5179102717842266,0.3006854434517726,0.030391550780442575
398,796,1.6020066738128662,-0.27080601738337684,0.350893829333891,0.5176576967764461,0.30068588561522935,0.033669176884798396
399,798,1.6060740947723389,-0.27174806813321645,0.352933127820421,0.5174040764108206,0.30068624891734136,0.03009863667479106
400,800,1.6099984645843506,-0.2726981742375803,0.3550108966867196,0.5171457930783118,0.30069011917883726,0.029113650161387592
401,802,1.613992691040039,-0.2736339126883104,0.3570814852831517,0.5168894848211513,0.30069962574233267,0.02698750467017566
402,804,1.6179962158203125,-0.27456499664056816,0.3591600427269367,0.5166337640298729,0.3007050569145137,0.028991399397110117
403,806,1.6219959259033203,-0.2754941913615134,0.36125116327363505,0.5163784608939884,0.30070603433956294,0.02831710021890668
404,808,1.6259939670562744,-0.27641764633366467,0.3633479043187606,0.5161240911730446,0.30070775599371447,0.026544586927951152
405,810,1.6300151348114014,-0.27735598193784905,0.3655026651391326,0.5158663938498241,0.3007121943158162,0.027502630998838117
406,812,1.6340057849884033,-0.2782496536607117,0.3675745694560564,0.515620811579131,0.30072374612791464,0.028939729206944445
407,814,1.637967586517334,-0.2791571080504108,0.36969450708109197,0.5153717754898336,0.3007215158371576,0.029441219352081355
408,816,1.6420071125030518,-0.28006266281322995,0.37182601455379166,0.5151228124465992,0.3007344913664916,0.028446966603574955
409,818,1.6459994316101074,-0.2809642308281959,0.3739666140145797,0.5148757809738004,0.30073641274116353,0.030598317382100504
410,820,1.6501071453094482,-0.28185910243060947,0.37611100302152156,0.5146316097356217,0.3007458556856928,0.03149459360504587
411,822,1.6540005207061768,-0.2827615816882386,0.37829333094422113,0.514384507341476,0.3007565462070614,0.027336739007672615
412,824,1.6579933166503906,-0.28363623768721286,0.38042190086364863,0.5141459737227274,0.3007594365867433,0.027763052702006272
413,826,1.6619806289672852,-0.28451575515773747,0.38257812228937044,0.5139067870321302,0.3007592163650833,0.030710803358895897
414,828,1.6660027503967285,-0.2854044584503601,0.38477080733667035,0.5136667788939862,0.3007711722286707,0.02972632459894722
415,830,1.6700074672698975,-0.28628566115220533,0.3869587994263123,0.5134311784840357,0.30076971980301537,0.02802419742711836
416,832,1.6740021705627441,-0.2871814039530648,0.38920352895832055,0.5131925041982868,0.3007687429018351,0.026856561608869452
417,834,1.6779603958129883,-0.288039383763557,0.39136562516387585,0.5129639935822252,0.30077744884705493,0.023951583938845753
418,836,1.6819729804992676,-0.28890995973286787,0.39357678039204164,0.5127425494573962,0.30076805822920566,0.027699167588785902
419,838,1.685995101928711,-0.28978616445447664,0.39583535014512583,0.5125229643217387,0.30076450449294123,0.02524474554831676
420,840,1.6900124549865723,-0.29064397466985825,0.39806972138245333,0.5123108148151995,0.300766019640362,0.023592456151602853
421,842,1.6940655708312988,-0.29149307489770965,0.4003084270493582,0.5121054861562929,0.30077172809176084,0.022898684296925584
422,844,1.6980066299438477,-0.29234219975887354,0.40256867178620337,0.511901647895873,0.3007787697233966,0.0223501057781536
423,846,1.7020080089569092,-0.29318503399505025,0.4048271180695604,0.5117041096520232,0.30077153362799436,0.021395006409749902
424,848,1.7060201168060303,-0.294022605314232,0.40709467708743585,0.5115100967495204,0.3007625024043152,0.022248860018062887
425,850,1.71000075340271,-0.29485864560093916,0.409373727566043,0.511319049811348,0.30076977740852806,0.0169760363300909
426,852,1.7140707969665527,-0.2956886310484768,0.41165579076215525,0.5111288717059953,0.3007667407389441,0.020380863175197536
427,854,1.7179994583129883,-0.29651631842042225,0.4139509059367677,0.5109391658188465,0.30076079207657164,0.019135515169433223
428,856,1.722008466720581,-0.2973339431029084,0.4162342031605718,0.5107514846584327,0.30074996954223526,0.019771348171193023
429,858,1.7260184288024902,-0.298164209751504,0.4185678184747566,0.5105605652024356,0.30075059313094243,0.021534716300987477
430,860,1.730006217956543,-0.29898259115267545,0.42088292268900546,0.5103714087258745,0.3007530784475264,0.019752292735261266
431,862,1.734086036682129,-0.29980208837317596,0.42321711842651044,0.5101795635335707,0.30073879837010314,0.018555986744668816
432,864,1.7380475997924805,-0.3006166506387587,0.42554865585551593,0.5099879728678225,0.3007365983152152,0.018827913276819062
433,866,1.7420566082000732,-0.301445887518253,0.4279308016595079,0.5097913899945229,0.30073683006199203,0.018676765118565024
434,868,1.7460155487060547,-0.3022639572545093,0.430296656155127,0.50959260375502,0.30073910955427985,0.01791732839021655
435,870,1.7500050067901611,-0.3030655779054678,0.4326233001893271,0.5093943319887886,0.3007378446777223,0.019836629227060695
436,872,1.7540900707244873,-0.3038840291920318,0.43500512979414285,0.5091866373823319,0.30073691338324793,0.01852678957973318
437,874,1.7580044269561768,-0.304706182413804,0.4374033601695441,0.5089745566521902,0.30073675878771483,0.01802955728208903
438,876,1.7619972229003906,-0.30552123208156384,0.4397874051442093,0.5087629244437359,0.30073858462153646,0.019003728994746404
439,878,1.7660014629364014,-0.30634517926207205,0.4422026904786069,0.5085463157017494,0.3007482843120293,0.017795622720110135
440,880,1.7700092792510986,-0.3071678668507342,0.4446176264767937,0.5083275123215305,0.3007465025173211,0.01856570306699723
441,882,1.774005651473999,-0.30799166639844205,0.44703838675692414,0.5081075638980035,0.3007537673291718,0.015167347468628451
442,884,1.7780036926269531,-0.30883697889816086,0.44952542550770846,0.5078805143977507,0.3007528760895968,0.019680858781392654
443,886,1.7820065021514893,-0.3096502894566946,0.4519189652740941,0.5076613299787456,0.30075720752637575,0.01773467918221662
444,888,1.7860162258148193,-0.31048457433746673,0.4543734129281454,0.5074362507585519,0.30075165927249553,0.018770645265186462
445,890,1.7899999618530273,-0.3113215964874699,0.456834905335374,0.5072101187678899,0.3007559503091435,0.01575360348416043
446,892,1.7940051555633545,-0.31216193701974987,0.4593048086868731,0.5069819427771088,0.300752655970302,0.018257044962254065
447,894,1.798088550567627,-0.3130064635789545,0.46178835716767347,0.5067518809105727,0.30076098560901554,0.01736250969155788
448,896,1.8020002841949463,-0.3138526706952216,0.4642719918192716,0.5065208110396262,0.3007606491767641,0.017419378650535285
449,898,1.8060016632080078,-0.31470649488857044,0.46677379287599724,0.5062870074628016,0.30077000564678796,0.017356792500981225
