action_abs_mean,cumulative_done_count,cumulative_done_rate_of_attempted_env_steps,done_count,done_rate_of_envs,error_anchor_pos,error_body_pos,error_joint_pos,reward_mean,step
0.03187299519777298,2048.0,0.0033444816053511705,2048.0,1.0,0.05985111743211746,43.29466247558594,0.897921621799469,0.02082785591483116,0
0.032146237790584564,4095.0,0.006687330163043478,2047.0,0.99951171875,0.059376418590545654,0.5663188695907593,0.890418291091919,0.02434515208005905,1
0.03236318379640579,6142.0,0.010030178720735786,2047.0,0.99951171875,0.059404101222753525,0.5526559352874756,0.8899612426757812,0.024528615176677704,2
0.03253476321697235,8189.0,0.013373027278428094,2047.0,0.99951171875,0.05956552177667618,0.5496403574943542,0.8911150097846985,0.02419445291161537,3
0.03231525793671608,10236.0,0.0167158758361204,2047.0,0.99951171875,0.05959061533212662,0.5510300397872925,0.8977895379066467,0.02463291957974434,4
0.03210313618183136,12283.0,0.020058724393812708,2047.0,0.99951171875,0.05973603576421738,0.547311007976532,0.9065483808517456,0.024810215458273888,5
0.03243855759501457,14330.0,0.023401572951505016,2047.0,0.99951171875,0.05960556119680405,0.5421688556671143,0.8818385004997253,0.02412169799208641,6
0.03224989026784897,16377.0,0.026744421509197324,2047.0,0.99951171875,0.059675730764865875,0.5495238900184631,0.9055419564247131,0.024611152708530426,7
0.032357193529605865,18424.0,0.030087270066889632,2047.0,0.99951171875,0.05955551564693451,0.5641118288040161,0.9016969799995422,0.023927710950374603,8
0.0319499671459198,20471.0,0.033430118624581937,2047.0,0.99951171875,0.05983190983533859,0.5586011409759521,0.9041013717651367,0.023943711072206497,9
0.032075732946395874,22518.0,0.03677296718227425,2047.0,0.99951171875,0.059145234525203705,0.555952787399292,0.9038119316101074,0.02420160546898842,10
0.032080672681331635,24565.0,0.04011581573996655,2047.0,0.99951171875,0.059777919203042984,0.5584686398506165,0.89991694688797,0.024315426126122475,11
0.03183608874678612,26612.0,0.043458664297658864,2047.0,0.99951171875,0.05981358140707016,0.5540614724159241,0.8853175640106201,0.02426757663488388,12
0.032097529619932175,28660.0,0.04680314590301003,2048.0,1.0,0.05979066714644432,0.5545820593833923,0.9134914875030518,0.024854397401213646,13
0.03207488730549812,30708.0,0.05014762750836121,2048.0,1.0,0.059542957693338394,0.5570894479751587,0.8894387483596802,0.024247169494628906,14
0.032449640333652496,32756.0,0.053492109113712376,2048.0,1.0,0.059285059571266174,0.5530498027801514,0.896885335445404,0.023804880678653717,15
0.03210454806685448,34804.0,0.056836590719063544,2048.0,1.0,0.059354912489652634,0.5496074557304382,0.8964272737503052,0.024612009525299072,16
0.031845126301050186,36852.0,0.06018107232441471,2048.0,1.0,0.05964197590947151,0.555492639541626,0.9119101762771606,0.024427935481071472,17
0.03214643523097038,38900.0,0.06352555392976589,2048.0,1.0,0.05954141914844513,0.5584313869476318,0.8930509090423584,0.02399381250143051,18
0.03219316899776459,40948.0,0.06687003553511706,2048.0,1.0,0.05952368676662445,0.5383689403533936,0.8944960832595825,0.024251481518149376,19
0.032021041959524155,42996.0,0.07021451714046822,2048.0,1.0,0.05972372367978096,0.5403047800064087,0.9019550085067749,0.02508465014398098,20
0.03191900625824928,45044.0,0.07355899874581939,2048.0,1.0,0.059703074395656586,0.5483283996582031,0.8892428874969482,0.0241287499666214,21
0.032050710171461105,47092.0,0.07690348035117058,2048.0,1.0,0.05945589020848274,0.5347999334335327,0.9077112078666687,0.024281661957502365,22
0.032325755804777145,49140.0,0.08024796195652174,2048.0,1.0,0.059520311653614044,0.5511318445205688,0.9054165482521057,0.02441675402224064,23
0.032275207340717316,51188.0,0.08359244356187291,2048.0,1.0,0.05958067625761032,0.5512364506721497,0.9085960388183594,0.02431160770356655,24
0.032224252820014954,53236.0,0.08693692516722408,2048.0,1.0,0.05928017199039459,0.5403128862380981,0.8968442678451538,0.024112408980727196,25
0.03195996209979057,55283.0,0.09027977372491638,2047.0,0.99951171875,0.05952848494052887,0.5375611782073975,0.9048410654067993,0.024504950270056725,26
0.03217748925089836,57330.0,0.09362262228260869,2047.0,0.99951171875,0.05937300622463226,0.5439119338989258,0.8928384184837341,0.024409141391515732,27
0.03209846839308739,59377.0,0.09696547084030101,2047.0,0.99951171875,0.05997253954410553,0.5367021560668945,0.9073220491409302,0.02455245330929756,28
0.03232310712337494,61423.0,0.10030668635033445,2046.0,0.9990234375,0.05959762632846832,0.5357111692428589,0.8877590894699097,0.023985624313354492,29
0.032073743641376495,63469.0,0.10364790186036789,2046.0,0.9990234375,0.06002730131149292,0.5387895107269287,0.9092209339141846,0.024537060409784317,30
0.032105736434459686,65515.0,0.10698911737040134,2046.0,0.9990234375,0.05970620736479759,0.5422970056533813,0.8879461288452148,0.02428087405860424,31
0.032181426882743835,67561.0,0.11033033288043478,2046.0,0.9990234375,0.059430621564388275,0.5469026565551758,0.913123369216919,0.023911891505122185,32
0.032468270510435104,69607.0,0.11367154839046822,2046.0,0.9990234375,0.05973837524652481,0.5568177700042725,0.8933818340301514,0.023692265152931213,33
0.03200346603989601,71653.0,0.11701276390050168,2046.0,0.9990234375,0.059885650873184204,0.540688693523407,0.9072406888008118,0.0242619588971138,34
0.03198683634400368,73699.0,0.12035397941053512,2046.0,0.9990234375,0.05909750610589981,0.5360398292541504,0.9037511944770813,0.024886582046747208,35
0.03232504427433014,75745.0,0.12369519492056856,2046.0,0.9990234375,0.059847310185432434,0.5413817167282104,0.9044137001037598,0.024046724662184715,36
0.032177940011024475,77791.0,0.12703641043060201,2046.0,0.9990234375,0.05974571406841278,0.54557204246521,0.9039367437362671,0.02432882785797119,37
0.03250601887702942,79837.0,0.13037762594063546,2046.0,0.9990234375,0.0596463605761528,0.5454874038696289,0.9031298756599426,0.02413247898221016,38
0.03205990046262741,81884.0,0.13372047449832775,2047.0,0.99951171875,0.05935940146446228,0.5477339625358582,0.9022447466850281,0.024688497185707092,39
0.03242463618516922,83931.0,0.13706332305602006,2047.0,0.99951171875,0.05990610271692276,0.5595184564590454,0.9054718017578125,0.024389777332544327,40
0.032008249312639236,85978.0,0.14040617161371238,2047.0,0.99951171875,0.059727177023887634,0.5636931657791138,0.9066305160522461,0.024305719882249832,41
0.032081861048936844,88025.0,0.14374902017140467,2047.0,0.99951171875,0.05970396101474762,0.553234338760376,0.9006285667419434,0.024183176457881927,42
0.03218032419681549,90072.0,0.147091868729097,2047.0,0.99951171875,0.059268005192279816,0.5397610664367676,0.9157189130783081,0.024240031838417053,43
0.03239266946911812,92119.0,0.1504347172867893,2047.0,0.99951171875,0.05959717184305191,0.5554462671279907,0.9214065670967102,0.023941589519381523,44
0.03230522200465202,94166.0,0.1537775658444816,2047.0,0.99951171875,0.059680599719285965,0.5357980132102966,0.8949060440063477,0.023861853405833244,45
0.0320824570953846,96213.0,0.15712041440217392,2047.0,0.99951171875,0.05968350172042847,0.5375789999961853,0.911738395690918,0.02473565563559532,46
0.03218591585755348,98260.0,0.1604632629598662,2047.0,0.99951171875,0.05942622572183609,0.5596520900726318,0.9034004807472229,0.023820601403713226,47
0.0317741334438324,100307.0,0.16380611151755853,2047.0,0.99951171875,0.05933919548988342,0.5538804531097412,0.9084818363189697,0.024214880540966988,48
0.032068900763988495,102354.0,0.16714896007525085,2047.0,0.99951171875,0.05953177064657211,0.549959659576416,0.8814593553543091,0.024082336574792862,49
0.032012950628995895,104401.0,0.17049180863294314,2047.0,0.99951171875,0.05935339629650116,0.5435965061187744,0.9070960283279419,0.024815339595079422,50
0.031992677599191666,106449.0,0.1738362902382943,2048.0,1.0,0.0595744289457798,0.539311408996582,0.9044960141181946,0.024417856708168983,51
0.032026637345552444,108497.0,0.17718077184364547,2048.0,1.0,0.059367164969444275,0.5460043549537659,0.898942768573761,0.024211227893829346,52
0.03231947869062424,110545.0,0.18052525344899664,2048.0,1.0,0.059164829552173615,0.5486493110656738,0.911652147769928,0.024012131616473198,53
0.03200416639447212,112593.0,0.18386973505434784,2048.0,1.0,0.05947371572256088,0.5457092523574829,0.896816074848175,0.023872513324022293,54
0.03185303509235382,114641.0,0.187214216659699,2048.0,1.0,0.05962400510907173,0.5533437728881836,0.8983557224273682,0.02458779886364937,55
0.03221398964524269,116689.0,0.19055869826505017,2048.0,1.0,0.05991721898317337,0.5487104058265686,0.8994381427764893,0.023946203291416168,56
0.03218105435371399,118737.0,0.19390317987040134,2048.0,1.0,0.05929814279079437,0.5483232736587524,0.9223811626434326,0.024517854675650597,57
0.032194413244724274,120785.0,0.1972476614757525,2048.0,1.0,0.059300877153873444,0.5530328154563904,0.8978056907653809,0.02375640720129013,58
0.03239967301487923,122833.0,0.20059214308110368,2048.0,1.0,0.05974689871072769,0.544771671295166,0.9034252762794495,0.02419278956949711,59
0.031822074204683304,124880.0,0.203934991638796,2047.0,0.99951171875,0.059777047485113144,0.5406559705734253,0.8912498950958252,0.024789933115243912,60
0.032083988189697266,126927.0,0.2072778401964883,2047.0,0.99951171875,0.06013815104961395,0.548613429069519,0.9032950401306152,0.024413403123617172,61
0.03243977203965187,128973.0,0.21061905570652173,2046.0,0.9990234375,0.05925808474421501,0.5518617630004883,0.9008584022521973,0.024445904418826103,62
0.032075151801109314,131019.0,0.21396027121655517,2046.0,0.9990234375,0.05939047783613205,0.5471444129943848,0.9038177728652954,0.02432369813323021,63
0.03209058195352554,133065.0,0.21730148672658864,2046.0,0.9990234375,0.05932414531707764,0.5534061193466187,0.9106130599975586,0.02436857298016548,64
0.03230120614171028,135111.0,0.22064270223662208,2046.0,0.9990234375,0.059322863817214966,0.5504673719406128,0.8936046361923218,0.024059470742940903,65
0.03207780420780182,137157.0,0.22398391774665552,2046.0,0.9990234375,0.05955163389444351,0.5411278009414673,0.8982199430465698,0.02402215451002121,66
0.03245694190263748,139203.0,0.22732513325668896,2046.0,0.9990234375,0.05990327149629593,0.5322558879852295,0.871211051940918,0.02410794049501419,67
0.03200248256325722,141249.0,0.2306663487667224,2046.0,0.9990234375,0.05955631285905838,0.532326877117157,0.8937417268753052,0.02506401017308235,68
0.03227396309375763,143295.0,0.23400756427675584,2046.0,0.9990234375,0.05972250550985336,0.5286977291107178,0.8981204032897949,0.02384909987449646,69
0.032022349536418915,145341.0,0.2373487797867893,2046.0,0.9990234375,0.05936916545033455,0.5345448851585388,0.896160900592804,0.02478247880935669,70
0.03230040892958641,147387.0,0.24068999529682275,2046.0,0.9990234375,0.05949995666742325,0.5466153621673584,0.9016596078872681,0.024308105930685997,71
0.032111622393131256,149434.0,0.24403284385451504,2047.0,0.99951171875,0.05948678031563759,0.5415542721748352,0.8805043697357178,0.02407597005367279,72
0.03232673183083534,151480.0,0.24737405936454848,2046.0,0.9990234375,0.059600524604320526,0.5432795286178589,0.9028019309043884,0.02427329495549202,73
0.03214869648218155,153525.0,0.2507136418269231,2045.0,0.99853515625,0.059492021799087524,0.5453252792358398,0.9085930585861206,0.024118779227137566,74
0.03200267255306244,155569.0,0.2540515912416388,2044.0,0.998046875,0.05974053964018822,0.5418087244033813,0.8965920209884644,0.024437956511974335,75
0.03207981958985329,157614.0,0.2573911737040134,2045.0,0.99853515625,0.059860698878765106,0.5415335893630981,0.888353705406189,0.024293556809425354,76
0.032496754080057144,159659.0,0.26073075616638797,2045.0,0.99853515625,0.059364885091781616,0.5512878894805908,0.9047343730926514,0.02418958954513073,77
0.032564982771873474,161704.0,0.26407033862876256,2045.0,0.99853515625,0.059522535651922226,0.5620706677436829,0.8940608501434326,0.023630203679203987,78
0.032314807176589966,163749.0,0.26740992109113715,2045.0,0.99853515625,0.059614285826683044,0.5501098036766052,0.9076913595199585,0.02415509521961212,79
0.032515402883291245,165793.0,0.27074787050585286,2044.0,0.998046875,0.05957914516329765,0.5474774837493896,0.9070121049880981,0.023992743343114853,80
0.03226171433925629,167838.0,0.27408745296822745,2045.0,0.99853515625,0.05965888872742653,0.544083833694458,0.8921366333961487,0.024539761245250702,81
0.0320737287402153,169883.0,0.277427035430602,2045.0,0.99853515625,0.05970076471567154,0.5566362142562866,0.9035452604293823,0.024747300893068314,82
0.03226235881447792,171928.0,0.2807666178929766,2045.0,0.99853515625,0.06008029729127884,0.5568253397941589,0.9061832427978516,0.024220965802669525,83
0.032275885343551636,173973.0,0.28410620035535117,2045.0,0.99853515625,0.05977620184421539,0.5522803664207458,0.919363260269165,0.023753531277179718,84
0.03236202150583267,176018.0,0.28744578281772576,2045.0,0.99853515625,0.05972065031528473,0.5545575618743896,0.8952801823616028,0.02406359277665615,85
0.03255867213010788,178062.0,0.29078373223244147,2044.0,0.998046875,0.05976121500134468,0.5688502788543701,0.9186379909515381,0.023930294439196587,86
0.03244662657380104,180107.0,0.29412331469481606,2045.0,0.99853515625,0.05969158560037613,0.5672867298126221,0.8950809240341187,0.024065345525741577,87
0.032075900584459305,182153.0,0.2974645302048495,2046.0,0.9990234375,0.059727758169174194,0.5422059893608093,0.8949410319328308,0.024250464513897896,88
0.03201271593570709,184199.0,0.30080574571488294,2046.0,0.9990234375,0.05949730426073074,0.5308077931404114,0.8844262361526489,0.02439594268798828,89
0.032083529978990555,186245.0,0.3041469612249164,2046.0,0.9990234375,0.05997020751237869,0.5324642658233643,0.8927967548370361,0.024113763123750687,90
0.032375916838645935,188290.0,0.30748654368729095,2045.0,0.99853515625,0.06004118174314499,0.5360277891159058,0.884161114692688,0.02377580851316452,91
0.0324171744287014,190335.0,0.31082612614966554,2045.0,0.99853515625,0.05934702605009079,0.5353967547416687,0.8988530039787292,0.024837862700223923,92
0.03232446685433388,192380.0,0.31416570861204013,2045.0,0.99853515625,0.05935746431350708,0.5348798036575317,0.9003599286079407,0.02409505471587181,93
0.03217144310474396,194425.0,0.3175052910744147,2045.0,0.99853515625,0.05944545567035675,0.531543493270874,0.9036306738853455,0.024148177355527878,94
0.03244335204362869,196470.0,0.3208448735367893,2045.0,0.99853515625,0.05931676924228668,0.5400409698486328,0.9038503170013428,0.024154948070645332,95
0.032211367040872574,198516.0,0.3241860890468227,2046.0,0.9990234375,0.05970298498868942,0.5461534857749939,0.9004834294319153,0.024449855089187622,96
0.03217257559299469,200562.0,0.3275273045568562,2046.0,0.9990234375,0.05958203971385956,0.5510812997817993,0.904679536819458,0.024597996845841408,97
0.03223959356546402,202609.0,0.3308701531145485,2047.0,0.99951171875,0.05954203009605408,0.5504823923110962,0.8911682367324829,0.024231430143117905,98
0.03210622817277908,204657.0,0.33421463471989965,2048.0,1.0,0.0596187524497509,0.5486317873001099,0.8944593667984009,0.024379046633839607,99
0.03199477866292,206704.0,0.337557483277592,2047.0,0.99951171875,0.059385716915130615,0.5486226081848145,0.9118956327438354,0.02385520003736019,100
0.0323060005903244,208751.0,0.3409003318352843,2047.0,0.99951171875,0.05960574001073837,0.538066565990448,0.8978110551834106,0.023695990443229675,101
0.032174352556467056,210798.0,0.3442431803929766,2047.0,0.99951171875,0.0594041645526886,0.5366393327713013,0.8985928893089294,0.024375909939408302,102
0.03211434558033943,212844.0,0.34758439590301005,2046.0,0.9990234375,0.059652961790561676,0.5424377918243408,0.9043697118759155,0.024278784170746803,103
0.03189973160624504,214890.0,0.35092561141304346,2046.0,0.9990234375,0.05960929021239281,0.547406792640686,0.9046763181686401,0.02443438023328781,104
0.03223128244280815,216936.0,0.3542668269230769,2046.0,0.9990234375,0.05938035994768143,0.5342118144035339,0.8928938508033752,0.02447301521897316,105
0.03208779916167259,218982.0,0.35760804243311034,2046.0,0.9990234375,0.0597398467361927,0.5435375571250916,0.9046512842178345,0.024441910907626152,106
0.032427698373794556,221028.0,0.3609492579431438,2046.0,0.9990234375,0.05937839671969414,0.5667860507965088,0.9111372232437134,0.023887936025857925,107
0.03193601220846176,223074.0,0.3642904734531773,2046.0,0.9990234375,0.05975677818059921,0.543624758720398,0.9012563228607178,0.02371537685394287,108
0.03235591575503349,225121.0,0.36763332201086957,2047.0,0.99951171875,0.05945482850074768,0.5412874221801758,0.8768827319145203,0.024154435843229294,109
0.032059211283922195,227167.0,0.37097453752090304,2046.0,0.9990234375,0.05933050438761711,0.5512523055076599,0.9045472145080566,0.024120111018419266,110
0.03192714974284172,229213.0,0.37431575303093645,2046.0,0.9990234375,0.05967460572719574,0.551685631275177,0.8856800198554993,0.024737555533647537,111
0.03226622939109802,231260.0,0.37765860158862874,2047.0,0.99951171875,0.0596935972571373,0.5640482306480408,0.8872787952423096,0.024371949955821037,112
0.03228774666786194,233307.0,0.3810014501463211,2047.0,0.99951171875,0.0595400333404541,0.5509400963783264,0.8983087539672852,0.0242290198802948,113
0.03212079778313637,235354.0,0.3843442987040134,2047.0,0.99951171875,0.05956768989562988,0.5421608090400696,0.8908045291900635,0.02436862140893936,114
0.03191583231091499,237401.0,0.38768714726170567,2047.0,0.99951171875,0.05957687646150589,0.5450904369354248,0.8871222734451294,0.02424628660082817,115
0.031853821128606796,239448.0,0.391029995819398,2047.0,0.99951171875,0.0599275603890419,0.5355888605117798,0.9028528928756714,0.025028936564922333,116
0.032290298491716385,241495.0,0.3943728443770903,2047.0,0.99951171875,0.05968775600194931,0.5401586294174194,0.9068447351455688,0.024052707478404045,117
0.03194504603743553,243543.0,0.39771732598244147,2048.0,1.0,0.05958376079797745,0.5454154014587402,0.8970555067062378,0.02440677583217621,118
0.03207850083708763,245590.0,0.40106017454013376,2047.0,0.99951171875,0.05918717384338379,0.5388463139533997,0.910227358341217,0.02465825155377388,119
0.03201357275247574,247637.0,0.4044030230978261,2047.0,0.99951171875,0.05950944870710373,0.5456973314285278,0.8852613568305969,0.024236055091023445,120
0.03187239170074463,249684.0,0.4077458716555184,2047.0,0.99951171875,0.05945821851491928,0.5423309803009033,0.8879990577697754,0.024650979787111282,121
0.03224186599254608,251731.0,0.4110887202132107,2047.0,0.99951171875,0.0596943125128746,0.5446021556854248,0.9127792119979858,0.024523641914129257,122
0.03214748576283455,253778.0,0.41443156877090304,2047.0,0.99951171875,0.05918209254741669,0.5472509860992432,0.8952893018722534,0.023777488619089127,123
0.032363638281822205,255823.0,0.41777115123327757,2045.0,0.99853515625,0.059583455324172974,0.5536016225814819,0.8970011472702026,0.023945728316903114,124
0.032192621380090714,257868.0,0.42111073369565216,2045.0,0.99853515625,0.05943797528743744,0.5462331771850586,0.9113160967826843,0.023793518543243408,125
0.032374534755945206,259913.0,0.42445031615802675,2045.0,0.99853515625,0.05961520969867706,0.5521700382232666,0.9012223482131958,0.02391989342868328,126
0.03208405524492264,261957.0,0.42778826557274247,2044.0,0.998046875,0.05986829102039337,0.5556435585021973,0.9092685580253601,0.024244509637355804,127
0.03218397498130798,264001.0,0.4311262149874582,2044.0,0.998046875,0.05928824096918106,0.5542163848876953,0.9030426740646362,0.024389859288930893,128
0.03217097371816635,266045.0,0.4344641644021739,2044.0,0.998046875,0.059851810336112976,0.5430591106414795,0.8966856002807617,0.023926518857479095,129
0.032421573996543884,268089.0,0.43780211381688966,2044.0,0.998046875,0.05984698608517647,0.5429834127426147,0.9066805839538574,0.023802120238542557,130
0.03244735300540924,270132.0,0.4411384301839465,2043.0,0.99755859375,0.059754639863967896,0.5475904941558838,0.9037445783615112,0.024331022053956985,131
0.032163575291633606,272176.0,0.4444763795986622,2044.0,0.998046875,0.059188954532146454,0.547783374786377,0.9023646116256714,0.024047356098890305,132
0.03222435340285301,274221.0,0.4478159620610368,2045.0,0.99853515625,0.05955103784799576,0.545064389705658,0.8908789753913879,0.02441057376563549,133
0.03226551413536072,276266.0,0.4511555445234114,2045.0,0.99853515625,0.05957315117120743,0.5476808547973633,0.9113761782646179,0.024054354056715965,134
0.03202854096889496,278311.0,0.454495126985786,2045.0,0.99853515625,0.059592776000499725,0.553784966468811,0.898835301399231,0.02425195835530758,135
0.03200552612543106,280357.0,0.4578363424958194,2046.0,0.9990234375,0.059330616146326065,0.5424420833587646,0.9006316661834717,0.02447810396552086,136
0.03203181177377701,282401.0,0.4611742919105351,2044.0,0.998046875,0.059953585267066956,0.5395428538322449,0.9117924571037292,0.02419622242450714,137
0.03215927630662918,284445.0,0.4645122413252508,2044.0,0.998046875,0.059829458594322205,0.5463873744010925,0.8942477703094482,0.024516848847270012,138
0.032387442886829376,286488.0,0.4678485576923077,2043.0,0.99755859375,0.05937402322888374,0.5510013103485107,0.908661425113678,0.024285558611154556,139
0.032195355743169785,288532.0,0.4711865071070234,2044.0,0.998046875,0.05981936305761337,0.556699812412262,0.9112379550933838,0.024143796414136887,140
0.032395943999290466,290577.0,0.474526089569398,2045.0,0.99853515625,0.059578947722911835,0.555511474609375,0.898524284362793,0.02424299344420433,141
0.03229225426912308,292622.0,0.47786567203177255,2045.0,0.99853515625,0.059587981551885605,0.5453311800956726,0.8862895965576172,0.0237042848020792,142
0.032105736434459686,294667.0,0.48120525449414714,2045.0,0.99853515625,0.06011456251144409,0.542067289352417,0.8864405751228333,0.024258598685264587,143
0.03238265588879585,296712.0,0.48454483695652173,2045.0,0.99853515625,0.05902707204222679,0.5473822355270386,0.8995922803878784,0.02426711469888687,144
0.03225206211209297,298756.0,0.48788278637123744,2044.0,0.998046875,0.05977731570601463,0.5392594337463379,0.9117002487182617,0.024382922798395157,145
0.03237162530422211,300800.0,0.49122073578595316,2044.0,0.998046875,0.06049950420856476,0.5452919602394104,0.9043294191360474,0.024142082780599594,146
0.03231414780020714,302844.0,0.4945586852006689,2044.0,0.998046875,0.059629254043102264,0.557393491268158,0.8926355838775635,0.02419627085328102,147
0.03196240961551666,304888.0,0.49789663461538464,2044.0,0.998046875,0.05957705155014992,0.5447554588317871,0.8940491676330566,0.024230726063251495,148
0.032216038554906845,306933.0,0.5012362170777592,2045.0,0.99853515625,0.059764426201581955,0.5395421981811523,0.8857361078262329,0.02449086867272854,149
0.03206237405538559,308979.0,0.5045774325877926,2046.0,0.9990234375,0.059460047632455826,0.5468204617500305,0.9103646874427795,0.024567902088165283,150
0.032085929065942764,311025.0,0.507918648097826,2046.0,0.9990234375,0.06000136211514473,0.5402618646621704,0.8933982849121094,0.0242715235799551,151
0.03212098404765129,313071.0,0.5112598636078596,2046.0,0.9990234375,0.059384964406490326,0.5354198217391968,0.9007169008255005,0.02430110052227974,152
0.03188643604516983,315118.0,0.5146027121655519,2047.0,0.99951171875,0.05966382101178169,0.5354244709014893,0.8885849714279175,0.02429703250527382,153
0.032003890722990036,317164.0,0.5179439276755853,2046.0,0.9990234375,0.05952713266015053,0.5480086803436279,0.886289119720459,0.024108294397592545,154
0.03227601200342178,319210.0,0.5212851431856187,2046.0,0.9990234375,0.05929048731923103,0.5528034567832947,0.8999337553977966,0.024601425975561142,155
0.03231266513466835,321256.0,0.5246263586956522,2046.0,0.9990234375,0.05917896330356598,0.5533345341682434,0.9002795219421387,0.02406992018222809,156
0.03194182738661766,323301.0,0.5279659411580268,2045.0,0.99853515625,0.05948803573846817,0.5488007068634033,0.9000078439712524,0.02427220717072487,157
0.03248576447367668,325346.0,0.5313055236204013,2045.0,0.99853515625,0.05959167703986168,0.5538243055343628,0.8820149898529053,0.024110522121191025,158
0.032182928174734116,327391.0,0.5346451060827759,2045.0,0.99853515625,0.05980251729488373,0.5514692068099976,0.9029271602630615,0.024417810142040253,159
0.03194320201873779,329436.0,0.5379846885451505,2045.0,0.99853515625,0.05962661653757095,0.5450040698051453,0.8967768549919128,0.02411022037267685,160
0.03225775808095932,331481.0,0.5413242710075251,2045.0,0.99853515625,0.059448182582855225,0.5400990843772888,0.8879498243331909,0.024261474609375,161
0.032231271266937256,333526.0,0.5446638534698997,2045.0,0.99853515625,0.059553951025009155,0.5347540378570557,0.8946591019630432,0.024408161640167236,162
0.032521095126867294,335570.0,0.5480018028846154,2044.0,0.998046875,0.05911283567547798,0.5407642722129822,0.9048439264297485,0.02419060841202736,163
0.03226204589009285,337614.0,0.5513397522993311,2044.0,0.998046875,0.05950246751308441,0.552282452583313,0.9025430679321289,0.024098237976431847,164
0.032249655574560165,339658.0,0.5546777017140468,2044.0,0.998046875,0.05938516557216644,0.5474948287010193,0.9074705839157104,0.02427869476377964,165
0.0322989821434021,341702.0,0.5580156511287625,2044.0,0.998046875,0.05980071797966957,0.5466761589050293,0.8831684589385986,0.023757105693221092,166
0.03211371973156929,343745.0,0.5613519674958194,2043.0,0.99755859375,0.059891920536756516,0.5503125190734863,0.9137461185455322,0.024630140513181686,167
0.032384540885686874,345789.0,0.5646899169105352,2044.0,0.998046875,0.05932994186878204,0.549934983253479,0.8986867666244507,0.024021267890930176,168
0.032503847032785416,347833.0,0.5680278663252508,2044.0,0.998046875,0.05964992195367813,0.5458144545555115,0.905707597732544,0.023639671504497528,169
0.03201374411582947,349878.0,0.5713674487876255,2045.0,0.99853515625,0.06004929542541504,0.5551106929779053,0.9100075960159302,0.024576090276241302,170
0.03239695355296135,351924.0,0.5747086642976589,2046.0,0.9990234375,0.059780485928058624,0.5479576587677002,0.8964711427688599,0.02397109940648079,171
0.03244192153215408,353970.0,0.5780498798076923,2046.0,0.9990234375,0.05958331376314163,0.5485101938247681,0.9102184176445007,0.02408268302679062,172
0.03216753527522087,356017.0,0.5813927283653846,2047.0,0.99951171875,0.059452734887599945,0.5541237592697144,0.9050952196121216,0.024051513522863388,173
0.03233501687645912,358064.0,0.5847355769230769,2047.0,0.99951171875,0.059637464582920074,0.5529306530952454,0.8849502801895142,0.024099305272102356,174
0.03219921514391899,360110.0,0.5880767924331104,2046.0,0.9990234375,0.05956437811255455,0.5455209016799927,0.8950663805007935,0.02415004000067711,175
0.032526206225156784,362156.0,0.5914180079431438,2046.0,0.9990234375,0.05953701585531235,0.5421808958053589,0.8956162333488464,0.02446427382528782,176
0.032149553298950195,364202.0,0.5947592234531772,2046.0,0.9990234375,0.059351708739995956,0.5378378033638,0.8796367645263672,0.024630527943372726,177
0.03202641010284424,366248.0,0.5981004389632107,2046.0,0.9990234375,0.05974079668521881,0.5422113537788391,0.879477858543396,0.024943482130765915,178
0.03228519856929779,368294.0,0.6014416544732442,2046.0,0.9990234375,0.05956001207232475,0.5363451838493347,0.8965796828269958,0.024484336376190186,179
0.03226219490170479,370340.0,0.6047828699832776,2046.0,0.9990234375,0.05939040333032608,0.5416364669799805,0.8929251432418823,0.024140402674674988,180
0.032098498195409775,372384.0,0.6081208193979933,2044.0,0.998046875,0.059360623359680176,0.5530846118927002,0.9109545946121216,0.024426743388175964,181
0.0323740616440773,374428.0,0.611458768812709,2044.0,0.998046875,0.05944044142961502,0.5519179105758667,0.9025410413742065,0.02410411275923252,182
0.0324743427336216,376473.0,0.6147983512750836,2045.0,0.99853515625,0.0595211498439312,0.5421139001846313,0.8988282680511475,0.024177998304367065,183
0.03192729130387306,378517.0,0.6181363006897993,2044.0,0.998046875,0.059758320450782776,0.5390956401824951,0.905717134475708,0.024790823459625244,184
0.03204509615898132,380560.0,0.6214726170568562,2043.0,0.99755859375,0.0599074587225914,0.5531842112541199,0.9033248424530029,0.023750651627779007,185
0.032228320837020874,382603.0,0.6248089334239131,2043.0,0.99755859375,0.05953676253557205,0.5529217720031738,0.8966597318649292,0.02416783571243286,186
0.032443005591630936,384646.0,0.6281452497909699,2043.0,0.99755859375,0.05956970155239105,0.5469796061515808,0.8969833254814148,0.024012520909309387,187
0.03198512643575668,386689.0,0.6314815661580268,2043.0,0.99755859375,0.05993777886033058,0.55088871717453,0.903484582901001,0.02397407963871956,188
0.032285962253808975,388732.0,0.6348178825250836,2043.0,0.99755859375,0.059659287333488464,0.5436564683914185,0.8850959539413452,0.024476008489727974,189
0.03257840499281883,390775.0,0.6381541988921404,2043.0,0.99755859375,0.059887923300266266,0.5391949415206909,0.9052245020866394,0.02419324591755867,190
0.03238868713378906,392818.0,0.6414905152591973,2043.0,0.99755859375,0.059622958302497864,0.5506362915039062,0.8921375274658203,0.024233896285295486,191
0.03242212533950806,394862.0,0.6448284646739131,2044.0,0.998046875,0.05976342409849167,0.545681357383728,0.90549635887146,0.023540468886494637,192
0.032406143844127655,396905.0,0.6481647810409699,2043.0,0.99755859375,0.05928536131978035,0.5362992286682129,0.8971557021141052,0.024364935234189034,193
0.032363809645175934,398948.0,0.6515010974080268,2043.0,0.99755859375,0.05984310060739517,0.5400588512420654,0.913702130317688,0.024096127599477768,194
0.03217718377709389,400992.0,0.6548390468227425,2044.0,0.998046875,0.06009490415453911,0.537898063659668,0.883604884147644,0.024033980444073677,195
0.032105106860399246,403036.0,0.6581769962374582,2044.0,0.998046875,0.05967925116419792,0.5380579233169556,0.9029505252838135,0.024474697187542915,196
0.03226828575134277,405080.0,0.661514945652174,2044.0,0.998046875,0.05911368876695633,0.5346921682357788,0.894207775592804,0.023969782516360283,197
0.03224080055952072,407124.0,0.6648528950668896,2044.0,0.998046875,0.05947481840848923,0.5368420481681824,0.9058891534805298,0.02436736226081848,198
0.03204773738980293,409168.0,0.6681908444816054,2044.0,0.998046875,0.0595543347299099,0.542460560798645,0.906251072883606,0.024481069296598434,199
0.03229447454214096,411211.0,0.6715271608486622,2043.0,0.99755859375,0.05927395820617676,0.5420570969581604,0.9083852767944336,0.02413265034556389,200
0.03221781551837921,413254.0,0.674863477215719,2043.0,0.99755859375,0.05935230851173401,0.5346689820289612,0.892210841178894,0.023883327841758728,201
0.03217870742082596,415296.0,0.6781981605351171,2042.0,0.9970703125,0.059206344187259674,0.5434861779212952,0.9090116620063782,0.024207325652241707,202
0.032198574393987656,417339.0,0.681534476902174,2043.0,0.99755859375,0.059760142117738724,0.5518731474876404,0.918429970741272,0.02432214468717575,203
0.03215096890926361,419383.0,0.6848724263168896,2044.0,0.998046875,0.0596553236246109,0.5531659126281738,0.9038937091827393,0.023964902386069298,204
0.032558709383010864,421428.0,0.6882120087792643,2045.0,0.99853515625,0.059829726815223694,0.5437846779823303,0.9029213190078735,0.02441929280757904,205
0.03242019563913345,423473.0,0.6915515912416388,2045.0,0.99853515625,0.059664446860551834,0.5373661518096924,0.8974852561950684,0.024471212178468704,206
0.03193608298897743,425518.0,0.6948911737040134,2045.0,0.99853515625,0.05934612452983856,0.5431931018829346,0.8928831815719604,0.024409443140029907,207
0.03210577368736267,427562.0,0.6982291231187291,2044.0,0.998046875,0.0597640722990036,0.5461288690567017,0.9020132422447205,0.024736065417528152,208
0.03230626508593559,429608.0,0.7015703386287625,2046.0,0.9990234375,0.05937455594539642,0.5431747436523438,0.9032464623451233,0.023836728185415268,209
0.032360244542360306,431655.0,0.7049131871864549,2047.0,0.99951171875,0.059638090431690216,0.5408114194869995,0.8945512771606445,0.02406272478401661,210
0.031801141798496246,433701.0,0.7082544026964883,2046.0,0.9990234375,0.05929503217339516,0.5506209135055542,0.9032812118530273,0.025184838101267815,211
0.032230276614427567,435747.0,0.7115956182065217,2046.0,0.9990234375,0.05934394896030426,0.5533154010772705,0.9101353883743286,0.024049710482358932,212
0.03231693431735039,437793.0,0.7149368337165551,2046.0,0.9990234375,0.059659022837877274,0.5525111556053162,0.8980135321617126,0.02420329488813877,213
0.03228715434670448,439839.0,0.7182780492265887,2046.0,0.9990234375,0.059312399476766586,0.543779194355011,0.8971489071846008,0.02396785467863083,214
0.03255945071578026,441885.0,0.7216192647366221,2046.0,0.9990234375,0.059622421860694885,0.5377411842346191,0.8914726972579956,0.023966647684574127,215
0.03233003243803978,443930.0,0.7249588471989966,2045.0,0.99853515625,0.05986718088388443,0.5406805276870728,0.9093824625015259,0.023573873564600945,216
0.03217265382409096,445974.0,0.7282967966137124,2044.0,0.998046875,0.05956878885626793,0.5394755005836487,0.8970690965652466,0.024479979649186134,217
0.03189793974161148,448019.0,0.7316363790760869,2045.0,0.99853515625,0.06003875285387039,0.5409003496170044,0.8894513249397278,0.024787332862615585,218
0.03216683492064476,450064.0,0.7349759615384616,2045.0,0.99853515625,0.059479258954524994,0.5535986423492432,0.8968929052352905,0.024015937000513077,219
0.03182562440633774,452109.0,0.7383155440008361,2045.0,0.99853515625,0.05928357318043709,0.5518931150436401,0.9126091003417969,0.023880723863840103,220
0.032075654715299606,454153.0,0.7416534934155519,2044.0,0.998046875,0.05983904004096985,0.544097900390625,0.905031681060791,0.023779423907399178,221
0.032308291643857956,456197.0,0.7449914428302675,2044.0,0.998046875,0.059293486177921295,0.5391533374786377,0.9007164239883423,0.024166105315089226,222
0.03234945237636566,458238.0,0.7483244931020067,2041.0,0.99658203125,0.059696897864341736,0.5474909543991089,0.9038088321685791,0.024074256420135498,223
0.0318857841193676,460279.0,0.7516575433737458,2041.0,0.99658203125,0.05931336432695389,0.5432045459747314,0.8921399116516113,0.02465534210205078,224
0.03232554346323013,462321.0,0.7549922266931438,2042.0,0.9970703125,0.059804387390613556,0.5458394885063171,0.8988745212554932,0.02420986443758011,225
0.032165125012397766,464364.0,0.7583285430602007,2043.0,0.99755859375,0.059764355421066284,0.5468239784240723,0.8902193903923035,0.024458017200231552,226
0.03234364464879036,466407.0,0.7616648594272575,2043.0,0.99755859375,0.0599743127822876,0.5503443479537964,0.9175102114677429,0.02403201535344124,227
0.03211303800344467,468451.0,0.7650028088419732,2044.0,0.998046875,0.05943644791841507,0.5567102432250977,0.8999839425086975,0.024244200438261032,228
0.032553572207689285,470496.0,0.7683423913043478,2045.0,0.99853515625,0.059545040130615234,0.5448015928268433,0.8944090008735657,0.02350754663348198,229
0.03227771073579788,472541.0,0.7716819737667224,2045.0,0.99853515625,0.05968577787280083,0.5371350049972534,0.8996204137802124,0.024454722180962563,230
0.03204340115189552,474587.0,0.7750231892767558,2046.0,0.9990234375,0.05955109745264053,0.5542823076248169,0.8979119062423706,0.02417500503361225,231
0.03210008889436722,476633.0,0.7783644047867893,2046.0,0.9990234375,0.05971662327647209,0.5566209554672241,0.9025425314903259,0.02430007793009281,232
0.03212842345237732,478679.0,0.7817056202968228,2046.0,0.9990234375,0.05939100682735443,0.5457265377044678,0.9039055109024048,0.024364754557609558,233
0.032038137316703796,480724.0,0.7850452027591973,2045.0,0.99853515625,0.05983481556177139,0.5369716882705688,0.8865104913711548,0.024445708841085434,234
0.032288793474435806,482769.0,0.788384785221572,2045.0,0.99853515625,0.05945048853754997,0.5461767315864563,0.9102051258087158,0.024493008852005005,235
0.03225044533610344,484814.0,0.7917243676839465,2045.0,0.99853515625,0.059274908155202866,0.5567879676818848,0.9041212201118469,0.02377103641629219,236
0.031853195279836655,486860.0,0.7950655831939799,2046.0,0.9990234375,0.05967330560088158,0.5527618527412415,0.8987652659416199,0.024468977004289627,237
0.03218073025345802,488906.0,0.7984067987040134,2046.0,0.9990234375,0.06017148122191429,0.5499223470687866,0.9005770087242126,0.024024836719036102,238
0.03214643895626068,490953.0,0.8017496472617057,2047.0,0.99951171875,0.059871457517147064,0.5447016358375549,0.8978961706161499,0.02416505292057991,239
0.032367147505283356,493000.0,0.805092495819398,2047.0,0.99951171875,0.059499435126781464,0.5363150835037231,0.8873271942138672,0.024311400949954987,240
0.032179929316043854,495047.0,0.8084353443770903,2047.0,0.99951171875,0.05944047495722771,0.5387073755264282,0.9057080745697021,0.02377055212855339,241
0.03203190490603447,497094.0,0.8117781929347826,2047.0,0.99951171875,0.05943966284394264,0.541272759437561,0.8817769289016724,0.02393060177564621,242
0.032261643558740616,499141.0,0.8151210414924749,2047.0,0.99951171875,0.059705160558223724,0.5439492464065552,0.9015488028526306,0.024385035037994385,243
0.03233373165130615,501187.0,0.8184622570025084,2046.0,0.9990234375,0.0595414862036705,0.5472934246063232,0.9003226161003113,0.0240715891122818,244
0.03230198845267296,503233.0,0.8218034725125418,2046.0,0.9990234375,0.05950772762298584,0.5495014190673828,0.8967573046684265,0.02430792897939682,245
0.03208112344145775,505279.0,0.8251446880225752,2046.0,0.9990234375,0.05954831838607788,0.565204381942749,0.9055401682853699,0.024298550561070442,246
0.032275039702653885,507325.0,0.8284859035326086,2046.0,0.9990234375,0.05970656871795654,0.564907968044281,0.9040446281433105,0.024126268923282623,247
0.03186483681201935,509371.0,0.8318271190426422,2046.0,0.9990234375,0.05984050780534744,0.5454338788986206,0.8947561979293823,0.024804186075925827,248
0.03207631781697273,511418.0,0.8351699676003345,2047.0,0.99951171875,0.05932966619729996,0.5513439178466797,0.8874098062515259,0.024080021306872368,249
0.03191060945391655,513465.0,0.8385128161580268,2047.0,0.99951171875,0.05946725606918335,0.5603926181793213,0.893032968044281,0.024249278008937836,250
0.032261911779642105,515512.0,0.841855664715719,2047.0,0.99951171875,0.05968796834349632,0.5527682304382324,0.8875614404678345,0.02432957850396633,251
0.032405152916908264,517558.0,0.8451968802257525,2046.0,0.9990234375,0.05922389030456543,0.5482921004295349,0.9082663059234619,0.024189967662096024,252
0.03227025270462036,519604.0,0.848538095735786,2046.0,0.9990234375,0.06009804084897041,0.5455721020698547,0.9000360369682312,0.023822586983442307,253
0.03216836228966713,521650.0,0.8518793112458194,2046.0,0.9990234375,0.05950610339641571,0.5439103245735168,0.9070924520492554,0.024196680635213852,254
0.032256629317998886,523697.0,0.8552221598035117,2047.0,0.99951171875,0.0594860278069973,0.5345178246498108,0.8975610733032227,0.0239829383790493,255
0.032018378376960754,525744.0,0.858565008361204,2047.0,0.99951171875,0.059761837124824524,0.5297356843948364,0.8936649560928345,0.02456088364124298,256
0.03194329887628555,527791.0,0.8619078569188964,2047.0,0.99951171875,0.05985943228006363,0.5351636409759521,0.898462176322937,0.02457088604569435,257
0.03252244368195534,529838.0,0.8652507054765887,2047.0,0.99951171875,0.05955512076616287,0.5438188314437866,0.8907762765884399,0.024078229442238808,258
0.03210311755537987,531885.0,0.868593554034281,2047.0,0.99951171875,0.059917107224464417,0.5549144744873047,0.9012925028800964,0.024046242237091064,259
0.03215460851788521,533932.0,0.8719364025919732,2047.0,0.99951171875,0.05958137288689613,0.5580739378929138,0.9049143195152283,0.024637045338749886,260
0.03211848810315132,535978.0,0.8752776181020067,2046.0,0.9990234375,0.059496622532606125,0.5534222722053528,0.8981059193611145,0.02435668557882309,261
0.03221852332353592,538024.0,0.8786188336120402,2046.0,0.9990234375,0.05980195850133896,0.537642240524292,0.8795852661132812,0.02395067736506462,262
0.03228915110230446,540070.0,0.8819600491220736,2046.0,0.9990234375,0.05971357226371765,0.5369821190834045,0.906875729560852,0.024648036807775497,263
0.03214131295681,542116.0,0.885301264632107,2046.0,0.9990234375,0.05959770083427429,0.5457073450088501,0.9032091498374939,0.024407126009464264,264
0.03239293023943901,544162.0,0.8886424801421404,2046.0,0.9990234375,0.05905301123857498,0.5424257516860962,0.8970158100128174,0.02414212003350258,265
0.03231627866625786,546208.0,0.891983695652174,2046.0,0.9990234375,0.059345826506614685,0.5478769540786743,0.906632661819458,0.0237162746489048,266
0.032306015491485596,548255.0,0.8953265442098662,2047.0,0.99951171875,0.059702955186367035,0.5451915860176086,0.8909510970115662,0.02403395250439644,267
0.03186475485563278,550302.0,0.8986693927675585,2047.0,0.99951171875,0.05953377112746239,0.5388727188110352,0.9043031930923462,0.02408682554960251,268
0.03255466744303703,552348.0,0.9020106082775919,2046.0,0.9990234375,0.05969233810901642,0.5433169007301331,0.9069367051124573,0.02397226169705391,269
0.03242070972919464,554394.0,0.9053518237876255,2046.0,0.9990234375,0.059344787150621414,0.5437957048416138,0.9097968339920044,0.02391747012734413,270
0.03223768249154091,556439.0,0.90869140625,2045.0,0.99853515625,0.05979778990149498,0.5447444915771484,0.9060736894607544,0.02419685199856758,271
0.032483626157045364,558484.0,0.9120309887123745,2045.0,0.99853515625,0.0600743368268013,0.5414361953735352,0.8958251476287842,0.023917779326438904,272
0.03244141489267349,560529.0,0.9153705711747492,2045.0,0.99853515625,0.05940944328904152,0.556477427482605,0.9052295684814453,0.02407361939549446,273
0.03223627805709839,562573.0,0.9187085205894648,2044.0,0.998046875,0.05947218835353851,0.5521395206451416,0.9088114500045776,0.024109207093715668,274
0.03229059651494026,564617.0,0.9220464700041806,2044.0,0.998046875,0.06017042696475983,0.5448223352432251,0.9002736210823059,0.024561870843172073,275
0.03215495124459267,566661.0,0.9253844194188964,2044.0,0.998046875,0.05943242833018303,0.5429625511169434,0.900916337966919,0.024621425196528435,276
0.03204741328954697,568705.0,0.928722368833612,2044.0,0.998046875,0.05969497561454773,0.544929027557373,0.8931682705879211,0.024273905903100967,277
0.03205172345042229,570749.0,0.9320603182483278,2044.0,0.998046875,0.05959097668528557,0.554216206073761,0.8924253582954407,0.02427910454571247,278
0.0320572555065155,572792.0,0.9353966346153846,2043.0,0.99755859375,0.0596274733543396,0.5495145320892334,0.9054547548294067,0.024508506059646606,279
0.03224639967083931,574834.0,0.9387313179347826,2042.0,0.9970703125,0.059930890798568726,0.5487101078033447,0.902330756187439,0.024111930280923843,280
0.03224164620041847,576876.0,0.9420660012541806,2042.0,0.9970703125,0.05974375084042549,0.5543957948684692,0.9022610187530518,0.024387601763010025,281
0.03260192275047302,578918.0,0.9454006845735786,2042.0,0.9970703125,0.05952473729848862,0.5473133325576782,0.8934748768806458,0.024020422250032425,282
0.032216981053352356,580962.0,0.9487386339882943,2044.0,0.998046875,0.06002481281757355,0.5503698587417603,0.8935759663581848,0.024770282208919525,283
0.032509393990039825,583005.0,0.9520749503553512,2043.0,0.99755859375,0.05948544293642044,0.5461315512657166,0.9046097993850708,0.02387215383350849,284
0.03216538205742836,585049.0,0.9554128997700669,2044.0,0.998046875,0.06012312322854996,0.5486025810241699,0.9106969833374023,0.024333257228136063,285
0.03260271996259689,587093.0,0.9587508491847826,2044.0,0.998046875,0.060140982270240784,0.5584542751312256,0.9025468826293945,0.023862045258283615,286
0.03245465084910393,589137.0,0.9620887985994984,2044.0,0.998046875,0.05983565002679825,0.5498875379562378,0.8979693651199341,0.0241159088909626,287
0.032381005585193634,591181.0,0.965426748014214,2044.0,0.998046875,0.05942763388156891,0.5467566251754761,0.896604061126709,0.024451449513435364,288
0.03227147087454796,593225.0,0.9687646974289298,2044.0,0.998046875,0.05983109027147293,0.5384490489959717,0.9014161229133606,0.024629488587379456,289
0.0323205441236496,595269.0,0.9721026468436454,2044.0,0.998046875,0.059679895639419556,0.5386524796485901,0.9016059637069702,0.02402380108833313,290
0.03224100172519684,597314.0,0.9754422293060201,2045.0,0.99853515625,0.05977781116962433,0.5421620607376099,0.9014844298362732,0.024761805310845375,291
0.03217480331659317,599360.0,0.9787834448160535,2046.0,0.9990234375,0.05965760350227356,0.5382558703422546,0.8906891345977783,0.024222755804657936,292
0.03182339295744896,601407.0,0.9821262933737458,2047.0,0.99951171875,0.05986938625574112,0.5374901294708252,0.9078085422515869,0.02439189702272415,293
0.032286543399095535,603454.0,0.9854691419314381,2047.0,0.99951171875,0.05951762944459915,0.5450305938720703,0.9204756021499634,0.024308662861585617,294
0.031994279474020004,605501.0,0.9888119904891305,2047.0,0.99951171875,0.05974757298827171,0.5347297191619873,0.8904104232788086,0.024268919602036476,295
0.03205501660704613,607548.0,0.9921548390468228,2047.0,0.99951171875,0.05927694961428642,0.532097339630127,0.8958406448364258,0.02422676607966423,296
0.03223531320691109,609595.0,0.9954976876045151,2047.0,0.99951171875,0.059463098645210266,0.5547391176223755,0.8942293524742126,0.02433958277106285,297
0.032339997589588165,611642.0,0.9988405361622074,2047.0,0.99951171875,0.05987631529569626,0.5508682727813721,0.9048173427581787,0.02399037964642048,298
